id_mesa,departamento,municipio,recinto
e1a17865-f864-4288-9a25-2f97ac81ef63,La_Paz,Municipio_16,Recinto_10
5bd525ed-07e4-42b9-bac0-222dd7eb995f,Chuquisaca,Municipio_4,Recinto_7
8bb5eef2-fd21-4835-adff-eb2d84366166,Tarija,Municipio_8,Recinto_10
3739333e-e913-4189-81a7-785a06444a83,Pando,Municipio_10,Recinto_4
83712df5-5fff-4c97-8fac-efe4ef542edb,Chuquisaca,Municipio_6,Recinto_4
ebb736f2-4d46-4b4f-9d72-083512798f57,Santa_Cruz,Municipio_1,Recinto_4
8e761fc9-fbe3-4c9a-b3d4-57a0756b55c5,Tarija,Municipio_7,Recinto_3
31fcdb78-9382-4e87-aaf5-f93a2fa4d52d,Beni,Municipio_17,Recinto_10
79092ab4-25d1-4d77-a8bd-18d53b5a100f,Tarija,Municipio_2,Recinto_6
01b05f5b-d49c-465c-af90-28aa44a2b70d,Santa_Cruz,Municipio_3,Recinto_5
df564abf-246f-4edf-bb20-e968c4aebcb3,Chuquisaca,Municipio_8,Recinto_4
e56fea91-b6a5-4daf-9a4c-69af5a8e22d2,Potosí,Municipio_6,Recinto_5
83f5df10-c987-4abf-83cc-b804333fc043,Tarija,Municipio_1,Recinto_4
f3120f4a-7c96-413f-82bf-f9602f7ce178,Beni,Municipio_19,Recinto_6
257310f2-f590-469a-89c6-00ee2fa8aa99,Tarija,Municipio_4,Recinto_8
985382b2-0c15-42d5-8363-e213530c937e,Cochabamba,Municipio_7,Recinto_10
9606fc82-db33-4e24-b1ad-37546c996f9d,Oruro,Municipio_2,Recinto_10
6e27adbb-be89-4646-b12d-665b7e182083,Oruro,Municipio_11,Recinto_3
451febf4-2a0d-4659-ae7c-e2d2b3a6d673,Chuquisaca,Municipio_9,Recinto_4
7e1c51e2-8d7e-4005-9f90-b3e2261f255c,Beni,Municipio_15,Recinto_6
70af0191-e47c-4ef0-b8e3-56c651280998,Pando,Municipio_6,Recinto_9
ce22a600-c93e-48e2-9704-2f9c4333745d,Oruro,Municipio_6,Recinto_7
9d79201b-f8bf-4efd-8161-f0c61e26c13d,Tarija,Municipio_13,Recinto_5
a637d309-1374-4759-8647-50e1c849fa69,Tarija,Municipio_18,Recinto_2
ad313384-63ab-4c63-97e2-087c48ccaeb7,Chuquisaca,Municipio_5,Recinto_4
624835c7-79a3-428f-8575-7a156878707c,La_Paz,Municipio_11,Recinto_2
5f84cb23-3c5e-4e4e-a3a2-273293880637,Oruro,Municipio_17,Recinto_3
542ef462-9b14-4765-82d8-fa24b3041fb9,Santa_Cruz,Municipio_9,Recinto_5
3dac37f8-1be9-414e-9954-3defbfa53a44,Santa_Cruz,Municipio_14,Recinto_7
a77093bb-8d6d-42d6-aaca-a8286d97972a,La_Paz,Municipio_17,Recinto_5
0c757b3e-523a-44e5-86e4-be5e861e9e4b,La_Paz,Municipio_4,Recinto_10
5b059f11-9412-4edf-873d-9c83a36e62f0,Pando,Municipio_20,Recinto_1
53062de2-6c34-4c73-9f9f-a2ed4328bb28,Oruro,Municipio_1,Recinto_3
cd8468f3-982b-4fbb-b7f7-b73e7cabd4a3,Oruro,Municipio_16,Recinto_10
37400cc7-2e3b-4e34-b965-537b7d71a51d,Pando,Municipio_17,Recinto_7
2a4ac7e3-87f3-4826-abaf-669258d53a07,Beni,Municipio_16,Recinto_6
0442151b-4b00-4b6d-88fd-558980159373,Chuquisaca,Municipio_18,Recinto_3
b0d15e8c-728b-4f61-b664-b9bdad7e5065,Tarija,Municipio_1,Recinto_9
43ec868d-8af7-44f7-b82a-c46ce36e2737,Oruro,Municipio_7,Recinto_5
cf00609e-9a33-4af1-a281-96e52cedde46,Tarija,Municipio_19,Recinto_6
562bb367-262d-4d7f-99a7-7e95d1254cc8,Chuquisaca,Municipio_10,Recinto_10
40650085-d6fa-40df-97bb-037449244758,La_Paz,Municipio_18,Recinto_9
30c7637d-dd9e-48fe-baf2-56acd20f7bb8,Beni,Municipio_19,Recinto_8
317d78cd-a4c5-408e-9eb1-26ed6071aa20,La_Paz,Municipio_6,Recinto_7
22711f15-7c19-44a6-8a50-af76e2695b0c,Beni,Municipio_12,Recinto_4
27d2f70e-5ac0-4432-8d42-981f555f7529,Chuquisaca,Municipio_20,Recinto_9
095a5106-773b-4955-a861-5ca351524450,Tarija,Municipio_9,Recinto_4
823c5c4c-a243-4723-ae1e-0b438d09ae38,Oruro,Municipio_12,Recinto_5
bbfc958e-ad52-446a-ada4-2cd23470614d,Cochabamba,Municipio_5,Recinto_6
7afaf96a-97be-467f-9c42-53e6f8697163,Beni,Municipio_2,Recinto_9
6e759be3-4f94-4c04-8400-6620bc0368c3,Oruro,Municipio_10,Recinto_2
8a369678-8cc8-417b-be62-cbf716c4fb6a,Potosí,Municipio_9,Recinto_9
14d2221f-ea7f-43fa-bbff-d7b8c071d62d,Beni,Municipio_12,Recinto_2
90f222e7-6940-47bc-af2b-f59a353b1c3e,Oruro,Municipio_2,Recinto_5
3d492808-1cd7-4544-8902-c0f702b32ff3,Pando,Municipio_1,Recinto_10
0b5ad004-420e-48f8-9e8e-f689f032bdb9,Cochabamba,Municipio_15,Recinto_10
0649227f-2034-44bd-8fb7-1c55e65e6763,Oruro,Municipio_13,Recinto_8
00345635-f890-4a3a-86f1-fb6511bf35cf,Chuquisaca,Municipio_14,Recinto_9
59c386e0-3988-4933-a982-a7b4327a5256,Tarija,Municipio_8,Recinto_7
c84ed951-67a0-4f58-921f-dbad32a0a2a1,Cochabamba,Municipio_14,Recinto_1
adfdf50d-0ae1-4ebb-9dd7-e432bc3895f4,La_Paz,Municipio_5,Recinto_5
288144f6-7fd6-4fd6-85b0-f81a3ff96c7b,Cochabamba,Municipio_6,Recinto_7
28ebc7fc-824c-488b-b54f-d0038c4c188e,La_Paz,Municipio_12,Recinto_10
fbe58164-b5df-4e5a-8586-469fa6127076,Potosí,Municipio_20,Recinto_4
97e381e5-438f-426b-b779-381ec7bceed9,Tarija,Municipio_17,Recinto_3
749244e4-3f92-44b7-9759-0f07bfcc97c6,La_Paz,Municipio_11,Recinto_8
db85eae1-f549-4b07-8baa-192737ba54cb,Santa_Cruz,Municipio_8,Recinto_7
70f74fe0-ff44-4748-aa1b-463e1fcc0d65,Oruro,Municipio_5,Recinto_3
fad9d433-5b38-408a-a06c-35c78467f47f,Pando,Municipio_8,Recinto_2
ed560d8e-427b-4b58-be36-8ea6b4901b64,Santa_Cruz,Municipio_12,Recinto_5
bc0f6a29-3a88-4cb1-b7da-169cac83c780,Beni,Municipio_8,Recinto_10
0146e12d-80f9-46b2-bd07-f9e0e9958d8b,Cochabamba,Municipio_14,Recinto_4
977d3b81-4069-4892-898c-d1171d5d4521,Pando,Municipio_1,Recinto_4
5969c557-bf29-4716-a9bc-97c963d2421b,Beni,Municipio_18,Recinto_7
b9de9b13-5a0d-4a31-ae32-cdd1cce482cc,Beni,Municipio_16,Recinto_10
1971b414-1901-4acf-a797-cff958f4d969,Santa_Cruz,Municipio_20,Recinto_3
b8977bbd-6e49-47ec-953a-f9a6a89d4c97,Cochabamba,Municipio_12,Recinto_3
28882447-f46c-4260-9325-71f2b2ab4803,Tarija,Municipio_8,Recinto_6
3f8b5f6c-8d62-4ec6-ab59-d392ebefe958,Cochabamba,Municipio_17,Recinto_7
580ef6bb-9118-40be-9392-871f60191d55,Oruro,Municipio_1,Recinto_8
c8035fc1-49af-415d-aca0-a8055be95402,Cochabamba,Municipio_6,Recinto_3
adb58e81-abfa-4965-91d9-f398f67d3279,Chuquisaca,Municipio_2,Recinto_10
e39a9632-1418-43f3-910e-21e849cc5dd3,Tarija,Municipio_10,Recinto_7
99467aac-1e1f-4416-9112-4cc105979628,Beni,Municipio_12,Recinto_7
6ac1cbb8-ac44-4230-b22c-f7f90a25591e,Cochabamba,Municipio_6,Recinto_6
9a3ced83-0cc2-4d83-abc3-728f2704006c,Santa_Cruz,Municipio_18,Recinto_6
51595452-2fce-4995-92bb-2f7b7c926fef,Potosí,Municipio_15,Recinto_2
e4af915c-8dcf-4055-9e01-82a68adc0084,Chuquisaca,Municipio_10,Recinto_7
e34efaa3-d577-4d26-9655-23d39bf96732,Potosí,Municipio_17,Recinto_9
90dd59e8-d1aa-4894-93d3-3aa9a645ee5d,Cochabamba,Municipio_2,Recinto_1
1d700f76-56a9-49d0-a440-34b6d42fbba4,Tarija,Municipio_3,Recinto_2
4b4f220c-7018-4bb9-9c21-587df978a697,Beni,Municipio_12,Recinto_7
52f8a8c2-ac8a-4d9d-afe6-24286caba0f2,Beni,Municipio_16,Recinto_1
86c4f2c1-eeb2-41e0-a698-390ae7390873,Oruro,Municipio_8,Recinto_1
5f349fb0-242f-4e1d-aa23-2a2f045f5f96,Cochabamba,Municipio_7,Recinto_10
83af396a-612d-4de9-b349-2cfe65436697,La_Paz,Municipio_5,Recinto_6
69b526f7-7d2f-44d6-b6e9-bdd89e4bd112,Cochabamba,Municipio_3,Recinto_1
c88709a5-7d05-411c-941d-75e97a03f6bf,Pando,Municipio_10,Recinto_9
a087ecfd-d71e-4bbb-bff4-223fad98d06e,Pando,Municipio_17,Recinto_1
02ad350f-fda4-450e-b119-22749f5b56e6,Oruro,Municipio_2,Recinto_7
70c0e01d-477d-433b-b58f-adfc28cf514b,Cochabamba,Municipio_9,Recinto_10
e464454b-8315-4548-a0cf-5fcb6e52dd61,Oruro,Municipio_4,Recinto_3
e61f0ed9-35c0-4f95-a568-ca06f04425af,Oruro,Municipio_20,Recinto_8
338d0239-e407-41f6-a4fa-fa3820dacc13,Chuquisaca,Municipio_4,Recinto_10
e36d6a85-76f9-4551-b650-fe943c8249b9,Tarija,Municipio_7,Recinto_10
57339a39-096a-44a1-950c-19053046de9e,Beni,Municipio_11,Recinto_4
8a71e92b-0ce6-4f47-ac00-6c1043900c4b,Beni,Municipio_8,Recinto_7
39931e11-5869-4ff7-b948-60b5b90db00a,La_Paz,Municipio_6,Recinto_4
028483cf-56da-4534-8941-3e4238bf0bb3,La_Paz,Municipio_17,Recinto_3
4d01733e-4065-40a2-806c-b43246eb2db6,Cochabamba,Municipio_9,Recinto_7
57ffa640-8c16-4578-89a2-49def73014aa,Santa_Cruz,Municipio_12,Recinto_8
416e7c47-b9a5-44c9-ba32-aa1fa876529a,Tarija,Municipio_7,Recinto_7
e240a8c9-18fd-4c2a-bf6a-4a9ac50a684b,Pando,Municipio_1,Recinto_9
f1364db1-a8e5-4a4d-b00b-9ffbd8eb087f,Oruro,Municipio_6,Recinto_6
ee04cab4-3de2-4986-a995-0675e3bfe755,Pando,Municipio_10,Recinto_10
0ebedf64-8bc8-4e8c-8c0e-36275b884c67,Potosí,Municipio_10,Recinto_5
a302e390-d808-4676-9350-175ef34f2594,Cochabamba,Municipio_9,Recinto_10
e9d68d22-3e5a-4849-9271-ec2cecf72776,Cochabamba,Municipio_2,Recinto_6
0cf470d2-174a-4f71-a6df-604227a21b9c,Oruro,Municipio_14,Recinto_1
d2869800-4536-4c31-b29f-ec8b6b81cd51,Beni,Municipio_11,Recinto_3
2c3424a6-e113-4d8e-96d7-7a02a0de4c96,Chuquisaca,Municipio_14,Recinto_10
27828bb0-0cae-419a-8934-62de712df3a4,Potosí,Municipio_11,Recinto_9
64fd33ca-cad6-43af-97f9-7fc2cc389d3f,Cochabamba,Municipio_14,Recinto_3
67ba7c87-6c8f-48cd-931b-cf4955f33b0b,Beni,Municipio_13,Recinto_9
cd20190a-d5c6-4d7e-a8b2-4b106dedc5a2,Cochabamba,Municipio_1,Recinto_3
2770e7e1-c63f-4e5e-a326-4113f73e9ca1,Oruro,Municipio_15,Recinto_5
bd6779dc-d9f9-49f6-bf8e-d6d9f395677c,Pando,Municipio_17,Recinto_10
eeaf1775-0b1c-4bc1-b6df-4c1209cfdc55,Oruro,Municipio_16,Recinto_5
f40e604e-b89c-4635-bcc2-9ddf14e27b8a,Tarija,Municipio_4,Recinto_5
adb64e83-e3e9-47d2-9451-e692cf6f27ce,Chuquisaca,Municipio_2,Recinto_8
6e7bb3df-ee73-48ca-a80c-86e8aebd9f85,Potosí,Municipio_13,Recinto_3
c45316ff-76a9-4c13-abe1-a4d0d6c39f55,Pando,Municipio_2,Recinto_2
bd005292-517f-4610-a74d-696918a765ac,Oruro,Municipio_9,Recinto_8
a1c670de-c0ca-4998-92be-bfbc223b1072,Tarija,Municipio_15,Recinto_7
19c5218b-b2db-4f6b-9ad6-554f4f4bfba9,La_Paz,Municipio_1,Recinto_5
ffe2892e-4d2a-44e1-8b65-5504c3076786,Chuquisaca,Municipio_19,Recinto_9
adb0a8b1-f8ef-4b25-aa86-1e8ff0326a78,Tarija,Municipio_16,Recinto_2
2edc808b-ab98-4e12-a46e-6e1ad8577c43,La_Paz,Municipio_20,Recinto_7
27b56d5e-2657-43e8-9c25-24a42dc768df,Pando,Municipio_20,Recinto_3
777d70fc-8e2d-4c67-a8c9-469bbc257a4e,Pando,Municipio_14,Recinto_1
90bcf861-2bb7-49d3-9c73-be88a3ea9437,Cochabamba,Municipio_11,Recinto_5
7603fdf8-7658-471d-88e0-aff27ecda73f,La_Paz,Municipio_4,Recinto_6
720410c4-0095-4f83-a99b-ddfe105dd5cb,Chuquisaca,Municipio_14,Recinto_2
c1cee121-6515-418f-86f4-6a38802b5493,La_Paz,Municipio_3,Recinto_4
fb42356d-66cf-4d2a-a483-46e825b27aac,Tarija,Municipio_16,Recinto_10
61e4e67d-026c-4917-aae0-20364cdd91e6,Oruro,Municipio_14,Recinto_7
531526ed-ea73-4fa0-9996-10ad3c638067,Chuquisaca,Municipio_6,Recinto_8
b9c0116d-cb8f-4383-9b27-c522e6ca32c7,La_Paz,Municipio_1,Recinto_10
f94a1e26-3afe-4505-ae38-180ec63fb5b6,Potosí,Municipio_1,Recinto_5
394d4220-fddc-4110-ad7a-a74e761bcfc2,Oruro,Municipio_4,Recinto_1
78adc01d-a438-4f51-ba3f-daa9a67abf4a,Beni,Municipio_1,Recinto_7
d605ea19-3b79-4216-a3a2-cfff3f73b2c5,Potosí,Municipio_2,Recinto_7
7e4c117f-b32a-4882-9976-53b1f76d994a,Oruro,Municipio_14,Recinto_5
01f151b4-1604-4a08-af28-b5fbb82f5d99,Beni,Municipio_2,Recinto_1
ab28c664-c6aa-42c5-8450-67a7193337d0,Pando,Municipio_1,Recinto_1
9bed8953-c33f-4a85-aa75-030eb79065de,Santa_Cruz,Municipio_16,Recinto_10
70ca0796-ed35-43c5-9626-1f544c0abea5,Beni,Municipio_10,Recinto_10
ed304e13-fe69-47e6-bb78-2fbe00453515,Beni,Municipio_4,Recinto_2
af8d4c50-616f-487a-8918-6219190dcd07,Tarija,Municipio_8,Recinto_10
4e37edb2-c69e-48f5-9ce2-7496b3923d86,Santa_Cruz,Municipio_13,Recinto_9
8e46488b-9d6d-4814-b7c6-459f9e7fcc66,Santa_Cruz,Municipio_11,Recinto_4
ea485956-db3c-45c9-bac7-cebf18f97709,Chuquisaca,Municipio_1,Recinto_10
1630217a-c608-48b3-bb10-369f62b911b6,Pando,Municipio_15,Recinto_10
8bcc2a7a-4087-4438-9392-9a2706782ee7,Oruro,Municipio_3,Recinto_10
8d351960-c312-4966-9daa-5f8d3a45324e,Potosí,Municipio_13,Recinto_4
65fd22bd-4b0e-457a-92df-a1d3f58cf704,Santa_Cruz,Municipio_7,Recinto_3
ad62f5c9-0a04-435b-8fbc-11736ba411b9,Oruro,Municipio_8,Recinto_9
578e3b1f-97bf-4906-9854-143078a84abd,Pando,Municipio_20,Recinto_6
2697202c-aba2-483f-a6fd-2c860cce88e6,Potosí,Municipio_7,Recinto_8
7d244c75-7788-4c67-859d-a72772df6036,Oruro,Municipio_13,Recinto_9
ac4b6d6b-dd85-420b-841a-c8cc55b164ac,Oruro,Municipio_10,Recinto_10
8a515085-bef9-47bf-8c91-937e016f8628,Santa_Cruz,Municipio_12,Recinto_9
aaae2522-6bbe-4900-9412-435db51faa2e,Beni,Municipio_8,Recinto_10
5b65ed91-9150-4e9a-be11-7127b2816a83,La_Paz,Municipio_15,Recinto_6
e6365e2c-cbdb-43ed-9a27-68e3ba423fde,Oruro,Municipio_2,Recinto_4
04a22aa2-3850-4471-b190-ff9dfb6153f8,Cochabamba,Municipio_13,Recinto_10
fe2de405-86d9-4764-9fa2-be543417a57c,Santa_Cruz,Municipio_1,Recinto_5
8e2b9bb6-430f-489e-8dcd-81bb7501990d,Oruro,Municipio_3,Recinto_3
02169cd5-2b35-4a3e-8e3b-87bb3fbbcb45,Potosí,Municipio_10,Recinto_6
eb80c3d6-9beb-424d-839d-f4d6caab5529,La_Paz,Municipio_11,Recinto_8
471b3f7d-43d8-4935-9441-b3e290088f05,Oruro,Municipio_7,Recinto_7
ea00d37b-a965-4da2-9fae-a9dacddab52e,La_Paz,Municipio_15,Recinto_8
62f470f6-dbaa-4b6f-b306-00515dff7257,Oruro,Municipio_15,Recinto_7
5b8bbe86-dbec-4141-b501-bb21002430ed,Potosí,Municipio_10,Recinto_1
1ffbbc37-98ef-4620-b0a8-3fa01dccf02d,La_Paz,Municipio_20,Recinto_2
d1143470-7102-4a88-8868-eb4b98ba5f5e,La_Paz,Municipio_6,Recinto_8
0e701c1d-5dd1-4eab-a7fa-2cf4c48bd755,Pando,Municipio_7,Recinto_5
ceae8ee7-b00e-4f9c-b5e8-d0795e5d2d50,Tarija,Municipio_10,Recinto_9
1c5ff428-1ad4-4f3b-ba0f-125ec7ca24b2,Santa_Cruz,Municipio_3,Recinto_6
4f23af87-79ed-46ef-9b18-d9df1ed9f821,Potosí,Municipio_19,Recinto_9
ce5347a1-161a-4f47-ac16-9b44e9e98ff9,Oruro,Municipio_1,Recinto_10
1d013824-6bc8-45b4-a2e9-7b13f4881e9d,Beni,Municipio_1,Recinto_2
c6cce63a-deab-423c-a1bc-aa7f705cb7e5,Chuquisaca,Municipio_5,Recinto_7
8f57e3b3-d917-482c-b4ab-402bc2f23249,Chuquisaca,Municipio_8,Recinto_4
c895880e-6e13-4b69-b622-95a06ce08ef5,Oruro,Municipio_8,Recinto_1
3db12259-024d-40b7-9b8a-fab492e94815,Chuquisaca,Municipio_20,Recinto_3
e2b04afb-da08-41f4-939f-5bbf0d619e6a,Cochabamba,Municipio_3,Recinto_3
21880d63-c272-4ca7-8866-b8ad52007886,Chuquisaca,Municipio_4,Recinto_2
cf301c00-082c-4513-9206-4488c1fbee2a,Potosí,Municipio_6,Recinto_7
61229f6d-9dae-4ef2-a442-726ad6e79968,Beni,Municipio_16,Recinto_1
3402fce0-a62e-4bf3-9d32-ebdf3c2aed6d,Pando,Municipio_1,Recinto_2
cf1f93ee-e0ff-4aab-9245-7812adff7f4c,Beni,Municipio_20,Recinto_1
93a252da-53bb-4e5d-ae89-93c256966410,La_Paz,Municipio_11,Recinto_8
29823c7c-42ff-4031-bdb9-6a76291aa93d,Chuquisaca,Municipio_19,Recinto_4
33c33c41-6861-4565-9d33-c6fa0c5d98ca,Beni,Municipio_2,Recinto_7
7ae860b6-3649-4a3f-935b-851fad00bcf5,Cochabamba,Municipio_8,Recinto_2
5bcce119-119c-4818-9d2d-dc236ed612a7,Santa_Cruz,Municipio_14,Recinto_7
e04469fe-2c70-4c44-a5b3-3c46f1da1815,La_Paz,Municipio_5,Recinto_2
90d02c22-4a9c-45ae-9404-9555dd4f9690,Chuquisaca,Municipio_8,Recinto_9
18ee9b0f-592d-4f4c-8975-91f12cd6059e,Beni,Municipio_9,Recinto_3
d8d20462-14f3-4449-b094-9ea839acb77d,Beni,Municipio_5,Recinto_10
56d25738-1dc7-4d80-8687-580c66eedb57,Tarija,Municipio_10,Recinto_9
61b5bcd4-60e2-471f-a06f-81193e556539,Pando,Municipio_2,Recinto_5
501c0db3-b1ef-41b0-a0f0-09b343b8fb57,Beni,Municipio_5,Recinto_7
becb6685-af46-4049-a4a2-4c2fb8f57c16,Cochabamba,Municipio_6,Recinto_1
3ab6d642-44dc-4dd8-947c-829227d434e5,La_Paz,Municipio_11,Recinto_2
df2ccc8a-67ff-43ce-8d6f-46334c1ee635,Pando,Municipio_5,Recinto_7
57635a7b-b0aa-4f04-bf11-16c1fe93e5b1,Pando,Municipio_14,Recinto_10
1d9a2c2b-987a-461e-85d6-4738c8400baf,Cochabamba,Municipio_9,Recinto_1
6f68f340-bf6d-4e39-b07c-7f88cbade845,La_Paz,Municipio_15,Recinto_7
98d993c1-196e-4ca3-918a-936c29c3b3aa,La_Paz,Municipio_1,Recinto_6
d3387244-a75f-4506-a16c-321351663825,Tarija,Municipio_5,Recinto_10
6b981ae9-668c-4ef6-975e-a69db3a19665,La_Paz,Municipio_16,Recinto_5
d61a5362-64fd-497f-b1be-1cc62eff2e5d,Potosí,Municipio_11,Recinto_5
66c91c23-0ac9-4fa8-83aa-9318f15d6602,Pando,Municipio_12,Recinto_7
2f92c98a-cd1a-4c67-9bd7-06bb3ea25c3e,La_Paz,Municipio_1,Recinto_10
f57328c2-4a04-46b8-b02f-39c0f2c3484d,Chuquisaca,Municipio_19,Recinto_3
c9e477af-9477-4cdf-954e-802a64830fdd,Santa_Cruz,Municipio_18,Recinto_2
3f645b94-02a2-4d97-82e5-38d448e97d84,Chuquisaca,Municipio_4,Recinto_5
51107597-eaae-42d1-b33c-0110ce94eab8,Cochabamba,Municipio_17,Recinto_5
5d6400bc-f76f-4608-9f98-7790d0f68a0e,Cochabamba,Municipio_3,Recinto_6
03be40d2-5ff7-4a63-9915-fba7411763ee,Oruro,Municipio_18,Recinto_7
0b4e0b33-a82f-4b55-ab9b-387c07ce54a8,Beni,Municipio_6,Recinto_1
a5f65bef-87e0-4423-ad08-8d51a48bce01,Cochabamba,Municipio_18,Recinto_5
f9e44eed-6d52-405b-b52c-1c54470d4d36,Beni,Municipio_20,Recinto_8
837aaac7-9b4f-44fc-b3e4-a0da95773446,Beni,Municipio_14,Recinto_3
de699d21-3298-46ac-a0b8-653009c09a7c,Beni,Municipio_15,Recinto_2
658eac42-237c-466e-a39b-ef04c9a52b81,Chuquisaca,Municipio_11,Recinto_7
81fa0950-c884-487d-8063-8c92f65bab17,Oruro,Municipio_18,Recinto_1
a9d8a111-e0f7-491f-8421-ff3b11544e0c,Chuquisaca,Municipio_2,Recinto_5
fe091857-5340-4334-a63a-0f768dbac35c,Beni,Municipio_17,Recinto_7
80bdff80-5795-4b0f-b60a-a7baa06f20f7,Tarija,Municipio_3,Recinto_8
ac68f699-6748-46bf-a2aa-74befaa36d27,Beni,Municipio_9,Recinto_8
e9966487-f744-4c42-89c8-b87ad909a602,Tarija,Municipio_16,Recinto_9
4f212ec8-b94b-4b61-ab03-ae8f266fa941,La_Paz,Municipio_1,Recinto_3
6e024c44-72ee-4a41-a336-a405cff4326d,Santa_Cruz,Municipio_1,Recinto_3
c49a0b64-20cb-4312-86f3-58e7d812aaa7,Oruro,Municipio_8,Recinto_8
ef9e1d76-ce43-4933-9fd5-372bdef07f67,Chuquisaca,Municipio_8,Recinto_5
4220a215-41cf-40cf-b327-9cedfb139908,Oruro,Municipio_13,Recinto_9
9679c3d7-9c12-4d96-b097-d61193c3f638,Beni,Municipio_8,Recinto_5
360b4154-a973-4b9e-bd6e-00a1fa477303,La_Paz,Municipio_6,Recinto_1
29b6d8cb-ff5f-4c29-9d44-57a37c14b9ca,Potosí,Municipio_1,Recinto_5
4fa74b42-34b3-4abd-b4c0-57daab42ffad,Pando,Municipio_18,Recinto_9
5045afa0-fcae-4c11-ac26-0c4d6717a448,Oruro,Municipio_20,Recinto_3
58c9042d-f697-41ff-9377-c99485ba72c7,Chuquisaca,Municipio_7,Recinto_4
988043d1-eb1d-474d-a7b8-0dc323921bc8,Oruro,Municipio_13,Recinto_6
7d90507f-0c04-4d1b-bcea-efc7c099305d,Pando,Municipio_8,Recinto_10
53c3d578-0255-4b4b-b422-710f7452cf31,Chuquisaca,Municipio_14,Recinto_7
fc81d4fc-792d-4dc6-b429-2e11dec55ee5,Pando,Municipio_15,Recinto_2
111f078b-50a0-4f1f-9238-5f44927433ba,Chuquisaca,Municipio_14,Recinto_1
2e2cd623-f81b-4681-a295-7ac4578727bf,Tarija,Municipio_8,Recinto_1
6b1fe8d6-d1dd-45d1-9f1e-75f135563502,Cochabamba,Municipio_5,Recinto_3
97912f45-8739-42d7-abe5-9f1175200740,La_Paz,Municipio_18,Recinto_9
12c18847-75ad-473c-9600-ef4bb2794a80,Santa_Cruz,Municipio_11,Recinto_10
a5788efd-8979-4dc1-b14d-d23bdd7a1c22,Oruro,Municipio_14,Recinto_5
051a66dd-318d-4986-b85e-b5ddb454360f,La_Paz,Municipio_19,Recinto_6
b9d9c820-b46e-4941-b6fa-e7ec37382d5d,Pando,Municipio_10,Recinto_7
64e0831e-bfc8-4be1-b91d-79a36e7f9a0d,Potosí,Municipio_15,Recinto_5
a5cad9d0-168a-49d7-85da-5a2b665e80d1,Santa_Cruz,Municipio_17,Recinto_7
f6ef0844-9b3e-4d7d-b63e-6aac8cc2e192,La_Paz,Municipio_6,Recinto_8
c094e6bd-0b8c-4b35-b3d0-10a7c5cbad3b,Tarija,Municipio_12,Recinto_3
0b7baa9b-6f5d-43f3-a45a-85c3be291360,Cochabamba,Municipio_4,Recinto_1
4781f384-4cb3-4baa-8605-2f7b700b146b,Pando,Municipio_10,Recinto_5
3b6f9e03-2197-4988-ac47-d74c8444aaa6,Beni,Municipio_4,Recinto_10
207ba4fd-c01a-4548-8b9c-3236b1002291,Pando,Municipio_3,Recinto_3
dbabfdf6-60f4-4f38-8ff2-2f186b825bf0,Potosí,Municipio_10,Recinto_9
29e02778-a66b-4676-bed4-36ccbd724ed4,La_Paz,Municipio_4,Recinto_4
fb3411c6-1348-46ea-8213-7d6fccafd313,Potosí,Municipio_2,Recinto_2
ee0b3efd-9c4c-46c0-8a21-624ca17e2eca,Oruro,Municipio_18,Recinto_9
4bf1815d-72e3-41d4-bd35-3b14161b835e,Beni,Municipio_7,Recinto_2
f3dfac90-ac30-4d7f-be03-db1d00e5fdef,Pando,Municipio_19,Recinto_4
c3a7d553-13a8-43bd-9a3c-48eeeb8bd759,Santa_Cruz,Municipio_18,Recinto_4
f48886c6-cb0c-4021-861c-d9de13502e71,La_Paz,Municipio_12,Recinto_4
70ca54b8-19d6-45d9-a190-e4df5dd9bd76,Potosí,Municipio_13,Recinto_4
0b4e456e-39ff-4c4e-9062-94a16f8899df,La_Paz,Municipio_15,Recinto_8
cb6f2824-cfdb-44ec-8117-4c516c86d91f,La_Paz,Municipio_11,Recinto_1
a5285d95-6c8d-4dd9-b955-1279e049d63b,Pando,Municipio_1,Recinto_1
22bf87c2-6908-4f6d-9d5a-57416b3bc115,Tarija,Municipio_6,Recinto_10
9c31506e-c156-4ad5-8987-5d0c311d9529,Santa_Cruz,Municipio_16,Recinto_3
f98d6e3d-462f-4bc0-97ca-5992260fd779,Chuquisaca,Municipio_1,Recinto_5
6a0b92b0-91d4-4906-a0ef-76f451b3dccf,Oruro,Municipio_1,Recinto_6
f6f7849e-e3cd-4c36-96bc-eb1c3753c8fa,Tarija,Municipio_20,Recinto_6
4fc87fc3-15ed-489b-b524-fb99112952c9,La_Paz,Municipio_16,Recinto_1
789e427c-4d2e-40e7-87d9-7cdfdbd39bbb,Santa_Cruz,Municipio_4,Recinto_9
e3ec8833-ed3e-4c67-8691-5e45d3a724a2,Beni,Municipio_13,Recinto_6
535695fa-378b-4ad4-8f80-8986156acc7c,Chuquisaca,Municipio_17,Recinto_4
0763895e-e557-4617-8f4a-d58934d63f65,Tarija,Municipio_20,Recinto_1
bad1dea8-dc1e-4ee6-9745-16d8a0150765,Cochabamba,Municipio_19,Recinto_4
e48b2bbd-84a0-4d40-8c5d-289290ed056f,Cochabamba,Municipio_15,Recinto_6
d4fbb413-d29a-4899-becc-c44bc6ff9790,Oruro,Municipio_19,Recinto_9
9e9f1a37-6e4f-4062-821b-d2a60cf3d9fe,Pando,Municipio_7,Recinto_8
e5925a22-f4ed-4ef2-ab92-f80545ce1709,Tarija,Municipio_15,Recinto_1
c7f6ed2f-86be-4a90-b066-550415fea730,Pando,Municipio_1,Recinto_1
094b9d30-3c49-48fe-9f96-76700d3b6f44,Cochabamba,Municipio_19,Recinto_1
5c72cc5a-d91d-49c9-a157-5445d81940ac,Pando,Municipio_13,Recinto_5
6bce5456-2353-4cb5-8846-36c9685092e4,Potosí,Municipio_17,Recinto_7
2ac18168-af1b-4b34-9aa0-bee347c1b369,Santa_Cruz,Municipio_2,Recinto_1
01dbfd0a-26a7-45a3-925b-ce4a44f7c1db,Oruro,Municipio_8,Recinto_5
307cb496-4109-4d95-8981-6d356b2f2507,Cochabamba,Municipio_20,Recinto_5
a8a75352-9be3-44b6-aeb6-5ce0afeffc34,Oruro,Municipio_6,Recinto_3
6acbfb7c-692c-4da8-af89-e1fed8e4a5ed,La_Paz,Municipio_11,Recinto_5
243034e0-d8d7-4fa7-a63c-7ac703ed547c,La_Paz,Municipio_16,Recinto_3
bb5ff066-ddf1-401e-93ae-240833e32622,Santa_Cruz,Municipio_3,Recinto_2
c4613481-429c-4fed-a224-64557835ddd7,Potosí,Municipio_19,Recinto_7
06b1b250-d0d0-400e-b226-f88c0a7e3e4a,Pando,Municipio_3,Recinto_9
426eabcd-c1be-4776-b485-f59d91a4b0de,Santa_Cruz,Municipio_12,Recinto_3
147c7e2b-2ecf-4fae-a9b2-e55debd7831b,Chuquisaca,Municipio_11,Recinto_4
185539aa-83a1-4b4e-b8c4-18f77880fda3,Santa_Cruz,Municipio_19,Recinto_8
254a13ff-8a4e-4790-813d-b19e608039e8,Pando,Municipio_3,Recinto_7
a42896dc-28c7-4fe8-9d66-5336065c8750,La_Paz,Municipio_10,Recinto_1
fabf0a0e-6515-4418-bb61-222a79b61dee,Tarija,Municipio_15,Recinto_2
8c20dae4-3136-441b-861f-514f37935db5,Pando,Municipio_19,Recinto_5
20002ece-ac9e-4c57-b1ba-9ad50fdb3b82,Oruro,Municipio_12,Recinto_1
f033cf57-4af0-4e2e-89e9-3239e9ead007,Oruro,Municipio_5,Recinto_10
ab59be92-716b-4620-910f-75ded25e3448,La_Paz,Municipio_5,Recinto_8
a2c09a49-e4f2-4275-bb03-a7c3a5ed08ab,La_Paz,Municipio_2,Recinto_1
4e392093-8154-47af-9f4e-2325b846e8a5,Potosí,Municipio_16,Recinto_3
9edffe8c-21fe-465f-8a6e-0b76fd2f3561,Chuquisaca,Municipio_20,Recinto_8
5eb645ea-4800-4824-b56a-4eee25c5320f,Tarija,Municipio_1,Recinto_3
d2c120ce-e1f0-41ba-8182-5a616ee3e7f6,Pando,Municipio_6,Recinto_3
ab1a0984-cbb1-45fc-af9d-f992172321d9,Santa_Cruz,Municipio_6,Recinto_9
b482de52-c4b5-435d-ac43-b14fbeced632,Santa_Cruz,Municipio_2,Recinto_2
68470a93-85bb-4580-9754-df106c7cadfe,Beni,Municipio_12,Recinto_8
00110754-e60e-46c6-a214-61f24401d816,Potosí,Municipio_13,Recinto_3
cf29c0b5-e7d7-40a0-8d3a-09d86f4db780,La_Paz,Municipio_17,Recinto_9
133b9f10-48ee-4735-b5c3-5a7f6db02695,La_Paz,Municipio_10,Recinto_9
433508eb-17bd-4131-ad8e-efd25ea9ec4d,Santa_Cruz,Municipio_5,Recinto_6
a6e8a3a5-666c-46c8-84b9-6e47063f43e1,Chuquisaca,Municipio_10,Recinto_5
70eb300b-53f0-42f4-bf6f-231e5ac0cc8b,Oruro,Municipio_17,Recinto_9
0da9de75-9572-4467-bb4b-07a01ca584c2,Tarija,Municipio_18,Recinto_4
9c7b57bc-3e5c-40a9-8faf-26118ccf2ff9,Beni,Municipio_2,Recinto_6
f13a9db9-5b66-4e8e-89d2-c004efb96371,Chuquisaca,Municipio_14,Recinto_6
975811db-1708-48be-8a05-06fb0bdc6d34,Chuquisaca,Municipio_9,Recinto_10
2f34b8b4-99ce-4c0e-9ce7-98d6acd5c597,Chuquisaca,Municipio_16,Recinto_9
198511f3-0c57-42ab-9022-4eeb5cae03ee,La_Paz,Municipio_5,Recinto_6
edfb2166-aee8-4268-8caa-690117eee81f,Cochabamba,Municipio_8,Recinto_6
adfb619e-ca63-4e1d-8fab-74f8d0013888,Santa_Cruz,Municipio_7,Recinto_2
648980a1-09e7-47e5-8925-24004be845cf,Pando,Municipio_15,Recinto_6
59eacbaf-341d-4360-84e2-219ab2c1389e,La_Paz,Municipio_6,Recinto_8
59d4a3fb-0087-453f-bdde-10ed01f82633,Oruro,Municipio_18,Recinto_2
d390ab61-738e-4b51-ab9f-f4bb4885d5ac,La_Paz,Municipio_20,Recinto_5
38473113-e0c5-45dd-84e7-42bddf9e1883,Pando,Municipio_7,Recinto_3
907fe5ec-17f5-4920-9249-acd3b15ee125,Oruro,Municipio_14,Recinto_2
1aaa014c-6356-4fdf-bc5b-76d49335b9d9,Tarija,Municipio_4,Recinto_7
be72f296-5fd1-49c3-a338-056ad1806862,Tarija,Municipio_6,Recinto_4
ee232cbe-4805-4afc-ac02-a5924f7ab1a8,Beni,Municipio_4,Recinto_5
fca96f60-8fc9-4a8e-b0e3-162af14d0110,Santa_Cruz,Municipio_3,Recinto_5
83605e42-c3eb-45ac-aa95-a12068787512,Beni,Municipio_8,Recinto_2
eb71d66d-7875-4112-963d-99c84b96fe3b,Cochabamba,Municipio_9,Recinto_8
6fb83cf2-bd1f-4c1f-865f-f7eb0b39aa02,Cochabamba,Municipio_6,Recinto_3
f270177e-1304-4e6d-a8b8-c606f5faa979,La_Paz,Municipio_4,Recinto_4
740b7003-6994-4076-8914-959dddb1d427,Beni,Municipio_11,Recinto_5
5246111b-26dc-4f3d-9987-707d84cbd8f6,Chuquisaca,Municipio_7,Recinto_2
0d098456-5887-4468-b99d-bdc63b02d5c1,Chuquisaca,Municipio_20,Recinto_3
300b3fa5-66cf-4105-bf6e-f3fb795f3ace,Pando,Municipio_20,Recinto_7
deab3489-51af-4f89-84a4-aef654b71f17,Santa_Cruz,Municipio_15,Recinto_3
d3b63c1a-8c24-4532-95b3-dd0240d519cf,Santa_Cruz,Municipio_14,Recinto_6
3181e48c-2131-4bdd-88ca-cf118300dc9a,Oruro,Municipio_18,Recinto_8
28b67692-988e-47f1-882d-963e05f0cf6d,Tarija,Municipio_16,Recinto_7
720e907c-a9b5-42d2-8b6d-019d45604540,Cochabamba,Municipio_14,Recinto_10
69cb6ff8-1385-416c-acae-fa50e781fa08,Chuquisaca,Municipio_20,Recinto_8
a6e24fd3-4b7f-463e-b566-e29a1643529b,Oruro,Municipio_16,Recinto_2
579bbb97-3489-412c-8b78-cbe47a0b5ec6,Chuquisaca,Municipio_15,Recinto_9
b1ac2afb-ee2d-42e2-a3e6-0474d87c2b6c,Oruro,Municipio_4,Recinto_2
85e69475-56b9-44d4-bb29-595801489ffc,Santa_Cruz,Municipio_10,Recinto_10
6f9afe16-66de-4836-97ed-2f53d38c9ca8,La_Paz,Municipio_16,Recinto_9
2e1c35cd-f8fc-4398-9341-9f7ec07f8bf0,Oruro,Municipio_4,Recinto_2
5f35501c-3973-4a60-a606-ee2b78c5dd87,La_Paz,Municipio_5,Recinto_6
a9e95242-7e9c-42b5-afe1-0710a5217613,La_Paz,Municipio_13,Recinto_6
6adedccc-6c27-4adc-a6d6-4798ce349cda,Tarija,Municipio_16,Recinto_8
616efc32-998b-4c99-ae39-6856cb2e5a56,Oruro,Municipio_17,Recinto_1
5fcb7616-d029-453c-8228-2db5ca3a3dbe,Tarija,Municipio_6,Recinto_9
98797398-a368-4060-bde2-91291bfbf9d4,Santa_Cruz,Municipio_20,Recinto_5
d40d5601-d4ae-463c-9675-6e0d0bec41b1,La_Paz,Municipio_12,Recinto_9
28f01849-15ed-4eee-9903-d3702a6adef4,Potosí,Municipio_1,Recinto_9
5e5b49d9-1b8b-4e7c-9d4b-2bf7f5bb2e89,La_Paz,Municipio_9,Recinto_10
d1fa9996-797a-458f-b8e3-4c6c1743c4d0,Tarija,Municipio_13,Recinto_8
643fa6c6-9639-4629-8627-216603685e95,Beni,Municipio_15,Recinto_3
4ce0428e-0f56-40b6-af14-20edc7f4c7e9,Beni,Municipio_19,Recinto_10
a105712a-19dd-4029-9d90-129236923881,Santa_Cruz,Municipio_7,Recinto_1
1504bf68-9a42-4403-8723-32a1b05cb33e,Oruro,Municipio_2,Recinto_2
373e2537-a0a8-4c0d-b419-89f003918fa3,Chuquisaca,Municipio_1,Recinto_7
854d2844-fbf4-4ecf-9da5-20462cfd4630,Chuquisaca,Municipio_5,Recinto_9
1196e239-fbec-442a-8f8f-eb38b9a89152,Chuquisaca,Municipio_5,Recinto_4
c8f31e4d-5039-45c5-89d0-8358317f7c68,Chuquisaca,Municipio_15,Recinto_10
8f211ef4-d284-4235-a537-636598a0de0c,Pando,Municipio_17,Recinto_7
2be33ec6-07d8-48ee-9087-6077646f4ec8,Pando,Municipio_6,Recinto_10
8ef638fb-21c3-4946-bc0b-811f972b0a42,Chuquisaca,Municipio_3,Recinto_10
57393e85-9537-4917-bd0f-d592108117c6,Pando,Municipio_17,Recinto_6
d6154a31-69ad-489f-b26a-03db0ab1ba4a,Chuquisaca,Municipio_6,Recinto_2
ffdf9028-65b7-45d7-b5db-541ca67eeee3,Santa_Cruz,Municipio_15,Recinto_6
dd479a2e-c8e9-4757-87c8-1418a2540dd6,La_Paz,Municipio_12,Recinto_7
408c9b70-7fb7-4d85-9e5d-9b9b440b2222,Beni,Municipio_10,Recinto_8
bd9c369b-a258-4fe7-8b18-b694c28c3122,Chuquisaca,Municipio_10,Recinto_5
4ca284ed-4bcb-4e05-bc39-2dbb7eccc1cb,Oruro,Municipio_17,Recinto_10
d1c4fe1b-1523-417e-a759-38a1baaebdf9,Potosí,Municipio_5,Recinto_2
a3644988-1dc6-4a7b-ab78-3f63ca7c90a0,Tarija,Municipio_19,Recinto_2
73b92244-f685-4a06-9287-619827edd3c2,Chuquisaca,Municipio_12,Recinto_2
df59c3d6-45dd-4377-859a-cb355e2199d7,Beni,Municipio_13,Recinto_8
406b78c6-4544-48a9-b4ca-6d5bd3808bc5,Santa_Cruz,Municipio_4,Recinto_9
c0472e8a-7cf5-4a18-967b-126c43f5b430,Oruro,Municipio_20,Recinto_6
232f0660-79ec-4870-aa96-21b061bade80,Santa_Cruz,Municipio_18,Recinto_2
9dd8dba4-a93b-4805-9d84-50447f070820,Pando,Municipio_13,Recinto_2
9f8578ac-02d9-43af-8930-fc7cd95c8f7e,La_Paz,Municipio_4,Recinto_2
a3569a49-983f-457f-9dea-0cfd32fb9d67,Beni,Municipio_3,Recinto_9
ecb0bbf5-fff8-45c5-b1ef-bbaebab866b2,Pando,Municipio_2,Recinto_10
374abfac-e0b4-47b3-8171-6ede21b192e5,Beni,Municipio_5,Recinto_1
30a7969d-a9a9-4561-9971-e8f9947dc49c,La_Paz,Municipio_6,Recinto_2
f4c6a912-3344-40d3-8d67-10eea9ee875d,La_Paz,Municipio_9,Recinto_5
ddf21904-ae74-412e-8452-e6d35d300c8a,Oruro,Municipio_12,Recinto_1
461d0a67-feb1-47aa-b76d-649f392197b2,La_Paz,Municipio_10,Recinto_8
e2229756-80a6-476f-bfba-deeb7723805d,Beni,Municipio_3,Recinto_3
9607bf82-79b6-4e61-a46d-51ab4282d250,La_Paz,Municipio_9,Recinto_3
7baea2f1-d6a2-4cb6-93fa-9f4497792895,Potosí,Municipio_8,Recinto_7
f6edcf40-8de7-4876-bbfc-2f38b69d877c,Tarija,Municipio_8,Recinto_4
af2799cf-5909-49b3-baba-2a54219788f9,Oruro,Municipio_14,Recinto_2
b3a975ae-1764-4ebb-999f-dc0acd8eb562,Potosí,Municipio_9,Recinto_9
797f4393-a546-4b87-8cd5-f8c48f9f9b41,Oruro,Municipio_19,Recinto_9
cf5041f4-6ba0-4bfa-913f-26ede32c2833,Potosí,Municipio_4,Recinto_2
55d55144-16bf-4c22-a5b8-a597294eb0ad,Santa_Cruz,Municipio_20,Recinto_4
7cad13b5-fe3f-4470-b3f5-09c35e4fa48b,Cochabamba,Municipio_17,Recinto_9
a415da66-8e33-4daf-a5bf-be561b545790,Cochabamba,Municipio_3,Recinto_9
de67c8e9-dfa7-433c-8c53-2317949e9e0a,Potosí,Municipio_6,Recinto_2
6d5a36c0-2171-484c-b24b-2d9dd6e9eaa5,Beni,Municipio_15,Recinto_2
b7c0b100-ce03-4541-86d1-4cb830f69e3e,Potosí,Municipio_10,Recinto_10
a81c1053-fa28-4922-8b91-e4b4bf7a3ede,Potosí,Municipio_1,Recinto_6
543b5076-a54d-4d7d-8b06-bed8a9ff823e,Cochabamba,Municipio_3,Recinto_7
a5d9f4db-39ba-43b7-b7ec-97f50e2ef132,Chuquisaca,Municipio_8,Recinto_4
fe23ca38-f754-4971-8166-7914af960b5c,La_Paz,Municipio_19,Recinto_6
f8325a1c-26aa-4e29-a837-298eee9a4c98,Oruro,Municipio_1,Recinto_9
dcf13979-e561-4cff-810f-0278355a50f6,Tarija,Municipio_8,Recinto_1
314da57b-8ec7-4cae-855a-fc5d279b2569,Beni,Municipio_11,Recinto_3
055e4557-82d6-46bf-b12c-95beebd4acd5,Cochabamba,Municipio_16,Recinto_9
e942a83e-12ff-4a4b-90d2-c96b73380275,Cochabamba,Municipio_18,Recinto_7
6ece8c0a-4284-4ebd-a727-e1acdbca6423,Chuquisaca,Municipio_6,Recinto_5
e8b6143d-1e26-46ef-8c8d-d6342b87763d,Santa_Cruz,Municipio_16,Recinto_9
9d307789-6e82-43fd-b8d0-0caf4593ad17,Potosí,Municipio_9,Recinto_5
426afdee-ff5e-4f8e-b9df-afab61256c40,Beni,Municipio_18,Recinto_2
d0ac799b-3fea-47b3-8cd0-7374b063910d,Chuquisaca,Municipio_14,Recinto_2
d4d99d4a-4743-4f76-b8ad-57ce786f2258,Oruro,Municipio_12,Recinto_3
c0a2e79a-0dfa-4e3c-bd5a-90fb0656f603,Beni,Municipio_16,Recinto_7
51f62cc8-15b9-4541-9ed9-d83319754055,Tarija,Municipio_2,Recinto_4
4033337e-2fe3-4950-8de7-5c6ca40082d7,Oruro,Municipio_14,Recinto_5
6cd28f45-0433-4125-89f8-a0e4bca38cf3,La_Paz,Municipio_15,Recinto_8
2ea0c6e4-dbd8-445f-a69d-55267608eeae,Potosí,Municipio_20,Recinto_1
55c99029-3788-48e2-b7b7-e41965930926,La_Paz,Municipio_11,Recinto_5
5604aeac-31bc-4472-afc4-8eea3becc58d,La_Paz,Municipio_15,Recinto_6
6e2693ce-8898-4bc8-b7e4-e05dfa3a008f,Chuquisaca,Municipio_8,Recinto_7
f904808d-8728-42e0-8f7c-3380705b6917,Chuquisaca,Municipio_20,Recinto_5
c3b3bf7a-daf4-404e-9924-ffb7e1297b33,Oruro,Municipio_14,Recinto_3
f640e31d-92c0-4b78-8d65-46320b7d2b49,Pando,Municipio_17,Recinto_5
514fb50c-8ef6-4f16-999f-fc8c2bb9ab5f,Oruro,Municipio_19,Recinto_5
5a396486-0269-4611-ada2-9ed832f66f6d,Oruro,Municipio_1,Recinto_10
68ab1253-8ce8-4e4c-a71c-86a5249c7c40,La_Paz,Municipio_7,Recinto_10
3c696d35-214f-4b8a-82cf-9038e2d13df8,Chuquisaca,Municipio_5,Recinto_8
91465427-4441-4bb8-b250-ece4f453a524,La_Paz,Municipio_8,Recinto_7
d0fe9556-14e8-435e-821e-29b54093767c,Chuquisaca,Municipio_6,Recinto_9
2ee4e5fa-9cd3-4259-86ef-4bb8e1100292,Cochabamba,Municipio_9,Recinto_8
9f04828a-fe80-4d9f-a5ab-4c1e79c14c1e,Santa_Cruz,Municipio_6,Recinto_9
81589a90-11e7-4e91-9d96-a20875e53eb3,La_Paz,Municipio_3,Recinto_7
fa65e37d-1ada-4b2e-b1dc-241e6a2fc586,La_Paz,Municipio_3,Recinto_10
554b8a1a-0358-4617-88a7-9b681c193d73,La_Paz,Municipio_3,Recinto_1
a7cf4ebc-f1bc-48f9-bd37-ec129cff53da,Chuquisaca,Municipio_16,Recinto_9
0967bbd3-c27a-465f-8e29-cb92d380c1b6,Pando,Municipio_12,Recinto_6
cc1d9745-6fc9-4614-98d1-6c4ad9bde27e,Potosí,Municipio_1,Recinto_8
c99d89d1-fb95-460a-aa05-bcc69f927feb,Oruro,Municipio_18,Recinto_9
f65d3568-1be0-4557-8b21-6e090917a919,Tarija,Municipio_6,Recinto_7
53897091-7896-402e-bcd1-87f29126673f,Chuquisaca,Municipio_17,Recinto_9
172a3eb2-81d6-4677-84f0-f734d72e373b,Potosí,Municipio_11,Recinto_1
4f17dc52-19e9-4be3-9d1f-f1cd2d12089f,Chuquisaca,Municipio_13,Recinto_9
392b3194-b7b7-468b-80de-478fb1ffa1df,Pando,Municipio_9,Recinto_1
d676a67c-5e1c-4bba-b970-bb55bfd3f68f,Potosí,Municipio_20,Recinto_4
f82116ce-12a1-4c33-9047-0334cf6a18c5,Santa_Cruz,Municipio_10,Recinto_1
bcbd5d9f-9757-4a1b-9930-d712e966fb34,Santa_Cruz,Municipio_15,Recinto_10
d6e7bae7-9c6b-43de-883b-0ce165ec5c63,Potosí,Municipio_9,Recinto_9
008ebfa5-cdda-4cc3-9e99-b9968db252dd,La_Paz,Municipio_9,Recinto_2
0fe1a7ca-4adb-4dae-a108-c14581c4890a,Santa_Cruz,Municipio_15,Recinto_4
f0a3c2da-e46e-4175-b000-c83c5a53ee19,Tarija,Municipio_17,Recinto_9
7ab79110-4328-40f5-8013-b10d5f291cce,Potosí,Municipio_8,Recinto_8
d3b3541e-8643-4f0c-9f24-e0dd5884f1be,Santa_Cruz,Municipio_5,Recinto_8
a2c1b3a6-4c88-4727-a425-32ad3f122e8e,Pando,Municipio_18,Recinto_1
8f9ff2d1-7897-4ffc-9b49-94c01a0e5954,Santa_Cruz,Municipio_4,Recinto_10
26bfce7a-2f0c-4e17-812b-316edd9b068a,Potosí,Municipio_10,Recinto_6
1e1de783-5639-48c9-89f8-1e8fcf35ffe5,Chuquisaca,Municipio_13,Recinto_8
12ed3b5d-fec0-4da5-b618-b732142d3117,Chuquisaca,Municipio_18,Recinto_4
411b0190-9030-4004-a653-f9180f834a58,Cochabamba,Municipio_1,Recinto_5
fe8fd5cb-3ce4-4d07-86b2-53725bbf5daf,Beni,Municipio_15,Recinto_10
2ade1abf-2e59-4d88-8ab4-0a94302104da,La_Paz,Municipio_3,Recinto_1
fee0262e-f1b7-474f-ba39-072a1adb4336,Santa_Cruz,Municipio_4,Recinto_9
e3ec9ef6-4386-4af5-bf02-f017c8e97b23,Chuquisaca,Municipio_17,Recinto_3
11c814e5-3ae8-42d9-8976-afd1d67acfd8,Chuquisaca,Municipio_3,Recinto_2
b99ec5b8-29be-4754-8e53-2db97e0da586,Chuquisaca,Municipio_6,Recinto_8
f6be574e-4952-4750-b8d9-fec7364ea67c,La_Paz,Municipio_17,Recinto_6
d18d7640-59fb-4264-b0ea-f59657bb5216,Santa_Cruz,Municipio_1,Recinto_9
489ecdea-6efa-40bb-a339-59409bb6d906,Oruro,Municipio_3,Recinto_6
a272a0de-a57a-41b4-8679-1b081e86f5c6,Oruro,Municipio_10,Recinto_10
90cc2126-bd2e-41ef-a376-a57d6b300ee2,Oruro,Municipio_5,Recinto_5
69f5f694-7543-4e69-944f-750d5620101f,Chuquisaca,Municipio_11,Recinto_8
96fcc259-3814-4f40-ba40-fdac6f61b8b8,Chuquisaca,Municipio_6,Recinto_6
a7af4b36-0b3e-468a-b68a-aa405de76c48,Tarija,Municipio_2,Recinto_1
6ea0cb7a-de2c-4164-b31a-5bcaa1be5efd,Beni,Municipio_17,Recinto_9
590ae83f-7057-49f3-9188-eaf8a5c2da62,Santa_Cruz,Municipio_6,Recinto_9
904f4301-fddc-4ee7-8edc-85756baff7ed,Chuquisaca,Municipio_8,Recinto_5
e9a8dee4-8bec-49e1-8a7c-1cf23b869299,Santa_Cruz,Municipio_6,Recinto_4
57eab705-f46e-4b2f-b362-fc0fd62a854d,Santa_Cruz,Municipio_17,Recinto_5
5b84b324-5446-4399-84da-819ded0f5de3,Pando,Municipio_17,Recinto_2
dc9ce953-0568-47f8-b172-87c1ae0faa44,Oruro,Municipio_14,Recinto_8
eb0a3052-cdbb-4070-88f0-1e3af043dd79,La_Paz,Municipio_15,Recinto_5
9de724b2-0174-4d57-8c40-d730d282da73,Oruro,Municipio_7,Recinto_6
e4b986c3-3ad8-49b6-ac11-1dead14f5a1b,Cochabamba,Municipio_4,Recinto_1
05bad83a-1949-45e7-a77f-e3b704dd98d6,Oruro,Municipio_4,Recinto_7
3ecf9ea4-f2c6-4d65-9896-af6edb747a19,Beni,Municipio_12,Recinto_5
4effc269-d986-40bb-8b08-0e663ec5cf31,Pando,Municipio_6,Recinto_2
02c61040-191e-4537-b179-6423139a9e95,Potosí,Municipio_10,Recinto_3
87143d38-4194-4c53-8f89-877a48a71fa5,La_Paz,Municipio_7,Recinto_7
7ced28bf-b44b-4a05-b568-8ca3f09fd860,Cochabamba,Municipio_7,Recinto_5
135a17e1-198f-439b-b38c-f8fb7c98ad3a,Potosí,Municipio_8,Recinto_9
d34ef598-ea02-4b81-9cd1-d22beeab2594,Chuquisaca,Municipio_14,Recinto_3
0e70bfa3-83ba-4a89-b2b5-2cc67bdab979,Chuquisaca,Municipio_3,Recinto_10
6e825902-bd25-4796-85c6-410b53b4e540,Potosí,Municipio_9,Recinto_7
1e866d02-556f-4468-b562-0be4cf34eb2c,Oruro,Municipio_10,Recinto_8
6aacf822-7096-4d50-baef-298f0d7c3c5e,Potosí,Municipio_17,Recinto_4
c52d0f27-863e-48be-b7f1-583eb3f853af,Potosí,Municipio_18,Recinto_6
8a92e5f9-6529-47fd-a751-3b85f92372a8,Pando,Municipio_20,Recinto_6
9752bc9d-fd4d-4979-a96e-14f47a80860d,Pando,Municipio_16,Recinto_2
18fdfee1-ecf3-4f58-9529-dbb01f6a6989,La_Paz,Municipio_17,Recinto_4
306cdd18-3dbf-49f7-a7cb-049cbbdd229c,Cochabamba,Municipio_16,Recinto_4
68a3ebd1-301a-4d83-a096-de236222e421,Potosí,Municipio_8,Recinto_2
a792a9dc-76db-43a5-8195-0b55967466b7,Santa_Cruz,Municipio_3,Recinto_9
05682e5f-d12d-4176-88d5-6e8c2bf6951c,Tarija,Municipio_1,Recinto_3
9441e668-467c-4517-956f-495033ff0907,Potosí,Municipio_9,Recinto_4
aac57cf5-2711-4f5a-ba71-a7326faa5e3a,Chuquisaca,Municipio_18,Recinto_6
bf303ece-11ae-49db-81df-9ec19880516b,Tarija,Municipio_10,Recinto_5
70b0f49a-8026-4656-beff-d9cb25f2773d,Chuquisaca,Municipio_11,Recinto_2
a434a178-b390-4602-a7bc-b492690f5385,Potosí,Municipio_4,Recinto_3
d5ca3746-5a3f-474f-b939-69b43b20fbba,Oruro,Municipio_15,Recinto_4
af0129d4-8e38-4cb4-999a-043853fb3192,Beni,Municipio_6,Recinto_2
2bb2063f-49b0-4f7c-b723-52d638137a62,Oruro,Municipio_17,Recinto_5
da659233-a929-4d40-980a-a1c3139d5fe8,Oruro,Municipio_8,Recinto_4
8772107b-4118-4bf5-9a11-467e33982a13,Potosí,Municipio_1,Recinto_3
8f265bda-1f70-41ba-94fa-e40c11dc169c,Pando,Municipio_20,Recinto_6
2157084b-5830-48b4-94ea-aab2f0dd9eea,Pando,Municipio_4,Recinto_5
c958b94a-a0ea-48ee-ac25-9102f1ad8b41,Tarija,Municipio_14,Recinto_6
9ac15fa0-abbc-48f8-815e-4a6b0abd3d48,Santa_Cruz,Municipio_11,Recinto_7
fa849e75-7462-41ea-b9fa-714ebd957cc5,Potosí,Municipio_15,Recinto_6
77fb2ea1-c555-470b-bcc6-f5bd3c687603,Tarija,Municipio_15,Recinto_8
d3578c63-9d4a-4230-9866-bc67191ba119,Tarija,Municipio_19,Recinto_10
d9fc1526-cf3a-4fdb-92c9-9dc5fdb46abd,Chuquisaca,Municipio_7,Recinto_4
73077d4c-0c98-4504-98fe-10340c049aee,Potosí,Municipio_10,Recinto_7
a909b2a4-4c52-405f-9c5a-f5e332f1dcba,Santa_Cruz,Municipio_14,Recinto_8
2dfa48b3-c280-477f-b40a-7c6e83c177e8,Oruro,Municipio_15,Recinto_1
5c84e090-a9ef-4349-a52e-b7bd4e0862d4,Cochabamba,Municipio_17,Recinto_4
6368e06e-9bf7-47d8-93ff-98e9fb7347eb,Cochabamba,Municipio_12,Recinto_5
d6c62c28-0ca4-4802-b491-c9c1414a122b,Santa_Cruz,Municipio_6,Recinto_2
23778f1b-7b0c-42e2-94ab-25a1b1902bc8,Cochabamba,Municipio_4,Recinto_10
135e6cc9-f9b9-41c1-a40b-0993bfd7dc6e,Potosí,Municipio_17,Recinto_9
ca006554-07c9-4aa2-b3d4-b25782c1b9d5,Pando,Municipio_11,Recinto_1
89890265-869a-42b2-a896-9e74a97ee442,Oruro,Municipio_6,Recinto_3
5eb464ca-0e82-4b1e-859a-6abb3ebcb298,Tarija,Municipio_15,Recinto_8
b883d525-1a2d-4696-ac99-a89e50f66e80,Potosí,Municipio_11,Recinto_7
5de55518-6f59-44c9-af72-9c9cb779192e,Santa_Cruz,Municipio_18,Recinto_9
256de79d-6eca-4215-98df-ca4b89b2826b,La_Paz,Municipio_12,Recinto_6
f2209f23-1c89-4707-b725-fbca27a7a2b9,La_Paz,Municipio_6,Recinto_2
b531e41b-7951-424c-8f3e-f10e78414312,Santa_Cruz,Municipio_5,Recinto_7
17575c27-ab0e-4a03-a9f2-18bb4b5a954a,Santa_Cruz,Municipio_20,Recinto_7
c802bb0a-8993-4274-8b0a-e0aeca695f1f,Oruro,Municipio_12,Recinto_9
fc612356-574e-4048-ae99-32e7c9d0f9ed,Potosí,Municipio_1,Recinto_5
f17978e2-984a-4cc9-be10-142b31100249,Oruro,Municipio_6,Recinto_3
480f8026-9b7b-42af-b3ba-81626d9fe5a3,Beni,Municipio_8,Recinto_5
2fe17ecf-a95e-4444-b167-a56e1ddd251a,Chuquisaca,Municipio_20,Recinto_9
eab921f9-275e-429c-b7ac-8d55a404cd75,Chuquisaca,Municipio_18,Recinto_3
5881e1ff-6738-4591-b594-0486dec66d79,Oruro,Municipio_16,Recinto_10
fd502689-bbd9-4c75-af7b-e75dbf6fb324,La_Paz,Municipio_13,Recinto_10
467a05c6-9898-4708-aef6-bdeccc052d59,Cochabamba,Municipio_8,Recinto_2
1fa173f1-08a1-48e7-9ed6-27dd97bb792b,Potosí,Municipio_15,Recinto_1
1392b7a6-9181-4951-a87e-29528fc76542,Potosí,Municipio_8,Recinto_4
811f13b4-4c7a-46c0-b565-7d4c24e8c7d6,Pando,Municipio_19,Recinto_3
401c5215-1b31-4188-b6ed-cd0ffc7d56d5,La_Paz,Municipio_19,Recinto_3
0d3db2b9-e5ba-4d4a-9e9e-8ce095cdf591,Beni,Municipio_19,Recinto_1
b1e22ef6-0185-473b-8606-2c7a821ff75e,Tarija,Municipio_3,Recinto_6
d9428754-1cf7-4e5c-b8ec-6b3394eab4c1,Pando,Municipio_1,Recinto_8
e1d23cb8-bf08-439f-a399-e9688f263032,Pando,Municipio_8,Recinto_6
2e91806e-8edd-453e-8235-500cc73018fb,Chuquisaca,Municipio_4,Recinto_8
30c13399-b08d-4a82-b6cc-98cfd2ab4810,La_Paz,Municipio_9,Recinto_8
3b6d1d71-99b7-4dfd-a0a0-6eb3e30169d9,Potosí,Municipio_7,Recinto_10
235e0937-8c1a-43fa-9035-83677f826ef4,Tarija,Municipio_16,Recinto_3
2a08ee18-98e0-4bac-9b5a-d290bf390ab1,Tarija,Municipio_20,Recinto_3
dc3464a9-d94d-43d8-b3d3-8ffd015710d5,La_Paz,Municipio_4,Recinto_9
751eb00f-4a0c-46d4-84f0-c639584b8eec,Chuquisaca,Municipio_10,Recinto_1
83d6cae6-c58a-4891-afa7-0a5f189f61f6,Potosí,Municipio_15,Recinto_2
88113ecb-e48e-4f7b-888c-2e2b03b4feb1,Oruro,Municipio_19,Recinto_3
c009ef3a-8d41-47fc-b5af-12088499ab8a,Santa_Cruz,Municipio_8,Recinto_4
48464a95-8db1-41f5-8631-2dfbc1e7e56a,Beni,Municipio_16,Recinto_9
ec925b81-7f6c-4efc-9068-86405f4b7acc,Pando,Municipio_2,Recinto_10
37ed807a-8531-4bef-b011-3d41f13f365a,Tarija,Municipio_2,Recinto_7
676cdc23-0137-4654-b71c-ab3c42eabf72,Tarija,Municipio_19,Recinto_3
e9854168-8eba-4ee7-9359-ed21bdd0b990,Santa_Cruz,Municipio_9,Recinto_3
4e441c3c-5992-41fa-b22a-581c8907778a,Chuquisaca,Municipio_18,Recinto_7
ba4d1290-9850-4b97-a98f-f021ddec6a56,Cochabamba,Municipio_1,Recinto_2
bd277695-f4cc-4504-b040-4af2abc1f4ba,Chuquisaca,Municipio_7,Recinto_6
a311515a-d0d6-4c02-a23f-ceb2123453e9,Cochabamba,Municipio_18,Recinto_6
7f2459e7-0e43-4d00-98ca-0652afcf3c59,Chuquisaca,Municipio_6,Recinto_9
02e6e768-b356-4a6d-944a-2c099d6e29bd,Tarija,Municipio_18,Recinto_5
4da7042a-4046-4f9a-af08-d8cfb9f10dfe,Beni,Municipio_6,Recinto_2
404eab97-c993-42d0-a0de-d82588175c58,Potosí,Municipio_14,Recinto_1
41c145fe-7567-4307-b378-30aed49558a4,Santa_Cruz,Municipio_20,Recinto_4
a3c22caf-664c-4e26-b90e-333e71ad3760,Potosí,Municipio_4,Recinto_9
b4ac4909-7cb2-443e-a79e-f998c639574d,Potosí,Municipio_1,Recinto_7
18370fca-2fba-4df3-a195-ecba948a7ee6,Chuquisaca,Municipio_20,Recinto_8
8eb3a398-93bf-4175-965d-b2d8aa558879,La_Paz,Municipio_4,Recinto_5
7d33b1f1-6f52-42c8-8459-e722a5aa886e,Santa_Cruz,Municipio_19,Recinto_3
b4d7f97d-c831-44f5-95d6-10c2cb786b77,Santa_Cruz,Municipio_19,Recinto_4
e74b12ed-2011-49a3-854a-6cad62c1868c,Pando,Municipio_15,Recinto_7
9753b4d6-8f76-42e7-81c9-f79b1142b3bb,Santa_Cruz,Municipio_17,Recinto_5
a2d5a90c-4720-4800-b2c3-af70dea5a1ee,Potosí,Municipio_3,Recinto_6
abc11e4b-41ac-4bd2-b0ca-dc5e3c9b2f94,Tarija,Municipio_7,Recinto_9
f53be309-698d-4b36-b715-50d37706d671,Tarija,Municipio_12,Recinto_7
b3c12fb3-8eae-4504-9b85-b0a82893b5ec,Chuquisaca,Municipio_7,Recinto_8
c9ae7e1f-408d-4dd6-8d3c-3e8218c7c021,Tarija,Municipio_16,Recinto_5
8eb373ac-38bb-40d6-8dfb-8751aedf08bd,Chuquisaca,Municipio_7,Recinto_3
c9d65eba-d57c-4a62-8738-99fea3128e92,Chuquisaca,Municipio_13,Recinto_4
9f336fd4-ed9c-4738-ab9d-cdd9fb72128d,Oruro,Municipio_12,Recinto_9
0c6ba74c-e2bf-4661-826b-8c6ad515ea94,Oruro,Municipio_10,Recinto_8
166f835d-1055-4844-896d-42afe75e59c7,Oruro,Municipio_4,Recinto_8
9f017b3c-9674-4891-b463-b6093996f24a,Oruro,Municipio_1,Recinto_4
99a3e987-38f8-42de-8fa6-88e4a82a0f3e,Tarija,Municipio_19,Recinto_5
48c77afa-5bf8-4eee-96e0-edc985ed30a0,Tarija,Municipio_8,Recinto_6
945eb8eb-e688-4f25-b76f-39cc053794b0,Potosí,Municipio_3,Recinto_2
edd1e9ac-ca4a-4304-9ab6-a72745166784,Chuquisaca,Municipio_16,Recinto_7
68b899e8-7501-46b8-969a-3f62737a90d3,Pando,Municipio_10,Recinto_9
3d93883e-1f0c-4da9-b4c7-d50729bc120e,La_Paz,Municipio_19,Recinto_3
60ae5ea9-77f8-4bc3-af82-87880c823e25,Potosí,Municipio_7,Recinto_1
a4fc8456-95d2-4c94-b070-649a161cce6f,La_Paz,Municipio_8,Recinto_9
223fa4e9-6c56-400f-a167-61cb0a7ef980,Santa_Cruz,Municipio_16,Recinto_6
70386677-606a-4219-83e0-96a9cb1f13c6,Potosí,Municipio_8,Recinto_4
9963ac65-ad5b-4479-a6bb-3ed32f7cc8db,Pando,Municipio_13,Recinto_4
d18e9c60-a411-4484-954e-6a1a5cfd26b9,Cochabamba,Municipio_5,Recinto_6
d94e0dcb-23f4-44bf-bcda-4a44d8f2b95f,Beni,Municipio_2,Recinto_9
5f553e26-b2e7-4bea-aa60-4e97545d5d6a,Pando,Municipio_16,Recinto_5
5892133a-9f3f-4578-922f-88f3e8fa73d4,Chuquisaca,Municipio_3,Recinto_10
a44d90b9-cc71-4aa7-9e17-08c97e9e686a,Cochabamba,Municipio_10,Recinto_7
1215659f-9a16-40c1-b34b-0bf79b7d663c,Beni,Municipio_1,Recinto_10
8058b72f-4959-4ee7-899e-11e9a40d4c80,Beni,Municipio_3,Recinto_3
467ae74d-de2a-400e-8a1e-fa492e81ffbd,Pando,Municipio_11,Recinto_9
b96d90bb-1a72-4ceb-877f-dc992c9a8fd0,Potosí,Municipio_3,Recinto_2
8d499884-9b67-46a2-bca0-80b8186351ce,Santa_Cruz,Municipio_16,Recinto_10
6862028a-1719-4f52-a853-5b194af15618,Beni,Municipio_9,Recinto_1
feaf53cb-aa5a-4f44-8174-f410f0438081,Beni,Municipio_5,Recinto_9
7d26bedd-1040-4266-8973-f6166738d1ac,Santa_Cruz,Municipio_17,Recinto_8
7af35270-265e-417d-b18e-e9bbbce53276,La_Paz,Municipio_7,Recinto_9
b0c2de89-256b-4c13-a593-9bd4556cd39a,La_Paz,Municipio_2,Recinto_3
c35c2c76-ff53-43ad-a37e-1dccaa4d4daf,Pando,Municipio_14,Recinto_5
e6483008-1e89-47f8-8c95-06edf130520a,Potosí,Municipio_2,Recinto_9
bff31c63-0b9d-4f0e-b340-c24761c6aebd,Santa_Cruz,Municipio_20,Recinto_3
9f8a2a0c-fe26-448b-8b0f-9416a9f25873,Potosí,Municipio_1,Recinto_10
96fabb84-a444-4ee6-b515-198886a44086,Cochabamba,Municipio_14,Recinto_5
e0260944-2acd-48c4-8392-81d91fc16154,Cochabamba,Municipio_2,Recinto_9
7a23fb48-695c-46ca-b755-d2d3cc995f3c,La_Paz,Municipio_11,Recinto_9
bfd71121-3839-41fc-813c-959d823b080a,Santa_Cruz,Municipio_4,Recinto_5
4ca420b0-705f-4ae6-bc72-0abe5bf3d0cc,Cochabamba,Municipio_7,Recinto_1
98d41ced-cf26-4fa5-8ae7-f909f2fa19ff,Chuquisaca,Municipio_12,Recinto_2
87ec8517-ed3d-4e45-9cba-91a1df7e55dc,Santa_Cruz,Municipio_7,Recinto_5
9c2beee6-47ff-4aaa-82c3-f9951b59e884,Chuquisaca,Municipio_8,Recinto_7
1365c75e-7886-4cb3-b7d9-e69476ffd6a8,Oruro,Municipio_19,Recinto_9
3e3491b4-8e39-454f-85ad-f0a1227e5fdc,Cochabamba,Municipio_12,Recinto_8
a880768d-a5eb-4d5d-ab8c-75b307422227,Pando,Municipio_4,Recinto_9
e8025e3d-fb56-41df-a67f-4ba6e6ddc045,Beni,Municipio_16,Recinto_6
53b4cf5f-1820-4fc3-817c-0bc9b18a01c8,Pando,Municipio_17,Recinto_2
a575f594-4817-4d45-b287-f00da4b64af9,Oruro,Municipio_9,Recinto_10
7151ed2e-88d8-4f21-bbc4-03d4743480d1,Oruro,Municipio_18,Recinto_5
d6f1af2d-e9f8-45ea-95bc-68f4691e187d,Tarija,Municipio_16,Recinto_4
81601a3d-b4f4-4dd8-acb4-663d1d8c651b,La_Paz,Municipio_15,Recinto_8
11c041ed-f84b-4100-a919-676ac109603e,Beni,Municipio_16,Recinto_4
1aad6fcc-fd56-4e8d-9365-d2b43129cf07,Beni,Municipio_12,Recinto_6
043f9988-9676-4604-94ff-5076b5e652cd,Cochabamba,Municipio_6,Recinto_9
f8fe1278-e3bf-4c35-b966-d48faefd07e2,La_Paz,Municipio_13,Recinto_10
40c71d7c-763c-49d3-9536-c62f13713fbc,Beni,Municipio_3,Recinto_3
a7933375-090b-4382-9f05-af4bceefb815,Beni,Municipio_12,Recinto_4
015a55cc-46b2-4dfa-ab8c-e97b89f84984,Potosí,Municipio_20,Recinto_1
d7d8d740-ad4d-470e-8f92-bacf39f4f582,Oruro,Municipio_20,Recinto_7
c9d30e7e-e2a6-4186-b791-518ee25471ee,Pando,Municipio_14,Recinto_6
e3f0c020-b59b-4bb7-94d8-63440cc36422,Beni,Municipio_7,Recinto_10
2acba134-9f98-4a4b-8a4f-ebdcf1a264c7,Tarija,Municipio_13,Recinto_2
1aeb86d5-098d-4bf1-882e-2e2d8deedc7d,Oruro,Municipio_15,Recinto_4
492b638e-892e-45eb-9b07-28df659c0fd6,Pando,Municipio_2,Recinto_2
0944acd9-1345-46e9-a43e-cb506f52213d,Beni,Municipio_15,Recinto_4
bcba35f5-2f67-4bca-bc77-f0b258c99153,Potosí,Municipio_16,Recinto_9
03a09f05-997f-4a09-a517-cf57dd8d269e,Santa_Cruz,Municipio_20,Recinto_9
942a40cb-b0c3-4b89-ab4d-5198cabc1068,Chuquisaca,Municipio_1,Recinto_3
da77ed7b-57ea-401e-912d-aba20a2004e0,La_Paz,Municipio_8,Recinto_9
40147990-4665-4f95-8d85-476a483d6043,Cochabamba,Municipio_18,Recinto_5
a4375924-243e-475c-aeed-2f7c88dd3ec9,Chuquisaca,Municipio_10,Recinto_6
c45f6247-39f8-4082-81ea-3bbf210ccc7a,Cochabamba,Municipio_5,Recinto_2
f1b322a8-1e01-4b2b-ac09-d41e437fb1e7,Pando,Municipio_15,Recinto_1
680a6f28-a302-404d-b3e7-f9c137d86986,La_Paz,Municipio_9,Recinto_7
d060997b-5cb6-43d8-a5fa-3c59c67d21b0,Potosí,Municipio_18,Recinto_2
199952a0-3cd0-4505-83b0-eee238db28aa,Pando,Municipio_13,Recinto_4
436510af-98fa-46e4-9492-cab1cc4d6b4f,Beni,Municipio_3,Recinto_1
08006776-bbc4-4c66-bb1c-4e75e7212562,Oruro,Municipio_12,Recinto_5
9d0e6461-3a38-4c63-923c-b8d7583cd9d6,Tarija,Municipio_17,Recinto_2
b3039068-4189-46ad-b015-9fd8904d0764,Pando,Municipio_14,Recinto_9
fd8a08b5-9184-498f-b71f-5122fe594b39,Cochabamba,Municipio_20,Recinto_7
ac8e3c6e-f929-436e-a602-dff12d1e468f,Beni,Municipio_19,Recinto_10
3004178c-579b-4c97-b0b0-522be40384b1,La_Paz,Municipio_13,Recinto_5
d8a93950-d688-4c09-aeb4-fc73f408afd3,La_Paz,Municipio_11,Recinto_5
fd885068-adec-476e-b143-7d0d8ddb81d6,Oruro,Municipio_12,Recinto_4
65ce6446-ca35-4fa2-9398-e631b0cc36f9,Beni,Municipio_10,Recinto_1
8aa09139-bf28-491e-a837-c472d0c9e45c,Tarija,Municipio_4,Recinto_2
2fb0095b-3add-414e-9150-b032bfb658b0,Cochabamba,Municipio_12,Recinto_9
44a84b52-9157-4372-ab22-20d62adddb57,Santa_Cruz,Municipio_20,Recinto_7
c7a48c8f-718f-4565-9014-a667634183a6,Beni,Municipio_11,Recinto_9
cc2b0efa-640e-44dd-8bc5-3b858bbea921,Cochabamba,Municipio_7,Recinto_6
738f9d1f-b939-4550-9fd4-e8f525ed8998,Santa_Cruz,Municipio_14,Recinto_7
9fe2f69a-e801-4409-a601-59ad36efe9be,Tarija,Municipio_16,Recinto_6
978ee2fd-455e-4276-9a51-14143b665178,Santa_Cruz,Municipio_10,Recinto_2
71ad3672-1694-46d5-bad8-16608aada37f,Chuquisaca,Municipio_13,Recinto_10
fb220f78-edcd-482c-b180-9c925aed3a9d,Pando,Municipio_4,Recinto_5
4f9ed1a6-92d3-441c-b822-5ec28e2a64ce,Pando,Municipio_19,Recinto_10
782f84e8-04bc-4e4f-8a97-483f71e1a8e3,Tarija,Municipio_6,Recinto_4
82f6318a-22d5-482a-86a8-2e8d08268494,Santa_Cruz,Municipio_15,Recinto_10
7ba2faf4-5c8d-4ac8-b573-e339cc8946ac,Tarija,Municipio_1,Recinto_5
f51acbde-2e0f-4f71-b756-dd91e4bc85df,Cochabamba,Municipio_10,Recinto_10
0ab61c83-6b27-4530-81cc-3e79256f55d4,Chuquisaca,Municipio_19,Recinto_5
fe1229fa-021b-4baa-87d6-d0b5de9bda2a,Santa_Cruz,Municipio_19,Recinto_9
fd05b216-2fec-40d8-9951-7a6826ac6133,Santa_Cruz,Municipio_12,Recinto_8
36e79437-e91c-4378-bedd-8eb5b4140d3c,Cochabamba,Municipio_17,Recinto_4
29a40398-535a-4f80-837e-bd92be954afd,Chuquisaca,Municipio_3,Recinto_4
f1bb91c1-5008-4367-aaa2-2928de553003,Potosí,Municipio_20,Recinto_4
9d01f373-548a-46f5-b4f9-86297c01dcde,Chuquisaca,Municipio_1,Recinto_3
e574e5a2-dfb5-4a3b-a7de-6a51f075d2b8,Santa_Cruz,Municipio_16,Recinto_9
7a6a7551-a195-45e3-ae07-240449d7cd59,Santa_Cruz,Municipio_3,Recinto_5
abab5e95-4716-45a2-8ac0-adcb4138fbf7,Santa_Cruz,Municipio_4,Recinto_2
397215e1-c66f-48a5-9406-04f48a8a475e,Cochabamba,Municipio_1,Recinto_3
853cfcb2-e42c-4139-a6ec-3b628342e211,Chuquisaca,Municipio_18,Recinto_2
96b4a0c3-90f7-4666-87dd-333173edb263,Tarija,Municipio_5,Recinto_3
256f7f8c-0d5d-418f-8a9f-3c40b73bb0f0,La_Paz,Municipio_3,Recinto_2
a1690ebe-0c71-45d7-896b-45bdc8e8fd0b,Cochabamba,Municipio_4,Recinto_1
a26817c8-2262-47be-883b-fce5a5dec6cc,Cochabamba,Municipio_13,Recinto_5
e5aa357f-f0db-4b03-ba14-bbd0a30d57e6,La_Paz,Municipio_16,Recinto_1
0b657469-a46d-4ded-baba-dfccc1ce1771,Tarija,Municipio_8,Recinto_6
76440927-1d8d-47cc-871d-f46f6595b9ba,Tarija,Municipio_12,Recinto_1
1a91e5a0-ddd1-4cbc-b75c-986970456161,Oruro,Municipio_17,Recinto_9
851fa042-fc89-461b-b01a-d45a09cd90a7,Pando,Municipio_3,Recinto_2
1e953154-b7f7-481f-8003-bf98f1623f1a,Tarija,Municipio_8,Recinto_9
47f00487-a159-4684-8c59-16c44316c3a3,Cochabamba,Municipio_12,Recinto_5
781fb392-11fa-4578-aeeb-57fd7dd3d630,Beni,Municipio_3,Recinto_3
9e5e14c7-69f3-491c-95fe-577455d231ca,La_Paz,Municipio_19,Recinto_1
feae0b39-fcc5-45d6-b8ae-013f3eb3de44,Potosí,Municipio_5,Recinto_6
bee32a8a-2532-4622-8a1a-82395e01d4f8,Tarija,Municipio_3,Recinto_3
f52966d0-04e9-4d12-9cb7-79098bc8a1a4,Potosí,Municipio_16,Recinto_3
d376527c-e9a9-43fb-8f0d-8588a5e3d79b,La_Paz,Municipio_19,Recinto_8
eb26f087-1e36-4af2-9df2-19afcd183cae,Santa_Cruz,Municipio_6,Recinto_8
8902672b-d5bc-41db-bfa3-a6fce67b4167,Oruro,Municipio_2,Recinto_2
3177268a-6f71-4527-bfff-1d46cbf0ef91,Oruro,Municipio_10,Recinto_10
8b41157f-6caa-4753-8621-ec97413a8257,Potosí,Municipio_2,Recinto_7
b3f2656b-cb63-4275-a548-2314a7d9474b,Chuquisaca,Municipio_19,Recinto_8
e48ac5b0-e9bb-422e-ad2d-a5ce4b8e1779,Pando,Municipio_14,Recinto_7
36021a66-4064-4390-9bfa-a736a0532fe1,Oruro,Municipio_18,Recinto_10
90ce0a19-ea07-4c6c-8da5-655ecfc0aae9,Santa_Cruz,Municipio_9,Recinto_10
3d7d4a4f-83bf-4d50-8829-54bc0504426e,Pando,Municipio_16,Recinto_3
60634b0f-e870-4bab-89d7-7ade951270c2,Santa_Cruz,Municipio_7,Recinto_5
126d2e7f-427c-48c7-90f7-d698d0ee61e7,Potosí,Municipio_13,Recinto_10
ed6d44b5-092d-47ce-9acd-c47d60fdfb03,Potosí,Municipio_10,Recinto_2
a1c5d161-7966-469d-8460-f7c495a62072,Beni,Municipio_9,Recinto_10
b3f6303c-3a1d-4b25-99d4-c1ffe2204e87,Pando,Municipio_13,Recinto_10
80c94b0e-1708-4b63-ac92-ef79d193a136,Chuquisaca,Municipio_14,Recinto_8
9883cc13-8874-45f8-9b5a-e5a3595c2618,Oruro,Municipio_13,Recinto_9
50a07677-aa7d-4058-b8d6-ed1da5d15af7,Chuquisaca,Municipio_1,Recinto_7
2329a199-7bcc-4482-af60-e459509c9e2c,Beni,Municipio_17,Recinto_8
69270b05-7666-4a99-b45e-6948ee6b0d9d,Tarija,Municipio_11,Recinto_4
4e5eb806-9d35-42be-a288-34afc0c3ce4b,Oruro,Municipio_12,Recinto_3
e4ad9eb3-af93-4b67-b927-60e87bd06baf,Pando,Municipio_14,Recinto_9
7d27ea2b-181f-49f7-b1be-7abd5744a07c,Santa_Cruz,Municipio_7,Recinto_5
507a97c2-f29a-4032-b6e6-c2bb79266e5f,Oruro,Municipio_7,Recinto_10
c0834d82-35eb-40cf-b3fb-6c7494e9f1ff,Tarija,Municipio_19,Recinto_5
3c5ee20a-5007-4f21-8945-94aba459b393,Tarija,Municipio_5,Recinto_9
1b9e650d-79b6-4cde-9639-e3e81b72d7a5,Cochabamba,Municipio_18,Recinto_1
3b6b65cc-24df-48fd-8c3e-423e6c0c00d9,La_Paz,Municipio_20,Recinto_2
7dba182d-a11f-40b3-ad53-7ace300b83ec,La_Paz,Municipio_14,Recinto_3
32fc4bbb-d9ae-4d34-9cd6-6e33df26c9ad,Chuquisaca,Municipio_2,Recinto_1
a13266e9-55df-455f-8790-27a63791d33a,Cochabamba,Municipio_10,Recinto_9
7199b213-7c42-47d8-9182-22c8e53d20b8,La_Paz,Municipio_18,Recinto_5
db455e32-95c5-43c4-bfce-45792a11cf92,Tarija,Municipio_6,Recinto_3
0e31998a-4721-410c-ac98-077d4358e7b3,Potosí,Municipio_11,Recinto_9
0a9bc0cc-d067-4afa-9506-94577ce9d699,Cochabamba,Municipio_7,Recinto_9
f4ffe9d0-3d4c-4585-acff-31f6f2fc8f5a,Cochabamba,Municipio_12,Recinto_1
de9cd5ce-6a3b-470b-ae53-42979a2bc644,La_Paz,Municipio_1,Recinto_6
5ae32f05-3dff-4760-b7e0-61443c0bb6c8,Santa_Cruz,Municipio_20,Recinto_4
030fe319-d89a-45c2-b04e-5a24c0028806,Cochabamba,Municipio_20,Recinto_10
0907da9c-8835-425f-8aa3-b7c2f95319bf,Beni,Municipio_7,Recinto_3
52a67a7d-ec75-496f-a007-d5262f001c08,Santa_Cruz,Municipio_1,Recinto_5
c0229bde-2348-4c5d-9b3e-45e001f8cddc,Beni,Municipio_11,Recinto_1
b57f1f4e-0f9e-4b7b-b2bb-7d8130ca8ab4,Beni,Municipio_15,Recinto_10
54b7d757-a95d-4154-94d7-784e87eeb05c,La_Paz,Municipio_3,Recinto_3
5288a2bf-c1de-4a81-b87e-332036af5111,La_Paz,Municipio_2,Recinto_1
4d71ecfd-2cd7-4614-a9c5-c18edc231204,Cochabamba,Municipio_13,Recinto_2
b52de243-5d30-424a-8847-7e9f7db7deeb,Santa_Cruz,Municipio_9,Recinto_6
9f8d6c27-6981-4063-a519-b6c43a2846e1,Potosí,Municipio_3,Recinto_7
2c09f6f5-00f6-4c31-a55b-a3b712f97ce2,La_Paz,Municipio_7,Recinto_1
4aee6f1d-eb14-4187-aaa8-c8631220d65d,Oruro,Municipio_10,Recinto_3
aae5844e-be08-4433-ac4a-a68e74805df1,Oruro,Municipio_15,Recinto_1
d67915af-9329-41a4-b1d3-55ae9f1ed6f9,Beni,Municipio_19,Recinto_1
61ce72ed-8738-4e4a-a814-b341663b269e,Beni,Municipio_2,Recinto_3
b5b0d7a7-1ff7-4d11-a4f6-fa1299308568,La_Paz,Municipio_3,Recinto_2
3f184005-35e5-44b6-bae0-6e9f65e15a9e,Oruro,Municipio_11,Recinto_6
4c8aeabe-f3fa-43ef-9706-fe2143b1b57d,Tarija,Municipio_15,Recinto_9
7246151c-1d63-47a6-a9e5-0255eb99bf4d,Chuquisaca,Municipio_9,Recinto_9
a4d5019d-c173-4cb1-81a8-1fc0faa03a4b,Potosí,Municipio_7,Recinto_9
d91b8708-53cd-470f-baa6-023daa1a0d63,Pando,Municipio_11,Recinto_5
1abfac44-2d01-407a-942d-37eced0f32ed,Chuquisaca,Municipio_6,Recinto_2
4754826f-937a-4f82-b2c7-48f9f6c6fe55,Pando,Municipio_15,Recinto_1
34e0f9a1-c9e9-4dc9-8363-dc7d87d0786d,Pando,Municipio_1,Recinto_1
fbfd1812-8f9f-4215-8a85-a7487e2661e7,Tarija,Municipio_7,Recinto_1
e7b31bc2-bbdc-4caa-81cf-015341477a3b,La_Paz,Municipio_18,Recinto_2
1a4cb8a6-a554-4721-8f50-22827e44b91f,Santa_Cruz,Municipio_19,Recinto_1
4b579b09-3763-4d98-8fdf-fbbc134a5122,Santa_Cruz,Municipio_14,Recinto_4
aa82a025-0e1a-4de7-acd8-d23bb3eee02b,Cochabamba,Municipio_12,Recinto_1
e0bbd4b5-2102-495a-bbbf-c9ef8c9f4d68,Beni,Municipio_20,Recinto_3
211832b2-36af-4d6d-92d3-9517dee8d84a,Santa_Cruz,Municipio_10,Recinto_8
95b1f17f-cebb-449e-9e08-078e7e84d398,Pando,Municipio_2,Recinto_8
12d1b0b8-8422-47ec-8111-1b6e856e177e,La_Paz,Municipio_10,Recinto_1
85ebf24a-4b11-4300-9771-8edd47d137fb,Pando,Municipio_20,Recinto_6
31e54d3b-ba06-48c9-84e1-d9af9dcc5d0a,Pando,Municipio_14,Recinto_2
72b81178-1ee2-4253-b72f-4675f2bc4860,Beni,Municipio_4,Recinto_7
616e3cda-f4be-4752-ab49-8145d8fcf1d2,Beni,Municipio_15,Recinto_5
1d8d5589-de2e-4d53-aef1-9b503deab397,Pando,Municipio_19,Recinto_4
c73b84b7-d0d2-4573-8ca3-63931d7fa0a8,Tarija,Municipio_18,Recinto_6
1aa98269-3b91-43c1-88b5-f47c9aba05f3,Santa_Cruz,Municipio_7,Recinto_1
225d803b-ac92-49af-9947-4b93228e386a,La_Paz,Municipio_11,Recinto_4
fab8a7e0-a5b6-4b44-8ea4-ce77daeea96f,La_Paz,Municipio_11,Recinto_6
6d1d86e3-7aff-4b30-ba2d-5d90c0c13870,La_Paz,Municipio_19,Recinto_9
b83c0d90-9a91-4743-a4b3-f9d99df2ecf9,Chuquisaca,Municipio_5,Recinto_6
6eafd2a9-9205-4402-9622-1e9830590f85,Oruro,Municipio_8,Recinto_1
e6aba244-f73c-4b35-a7a9-75638941f0aa,La_Paz,Municipio_17,Recinto_4
2644e0ff-c850-42bf-a714-529b3468170e,Santa_Cruz,Municipio_13,Recinto_4
eb1cd804-c7ac-4664-be3e-acb497703e55,Pando,Municipio_8,Recinto_8
606c4cb0-78eb-43f0-9f03-a1b1ceae1dec,Santa_Cruz,Municipio_10,Recinto_8
44d8a935-777f-4f85-984a-d55649f89ea8,Santa_Cruz,Municipio_14,Recinto_1
ba42ccb6-e1d2-4d17-94c5-1a6ea0fb4d17,Tarija,Municipio_18,Recinto_4
b8e15630-d3fd-40a3-a5f3-890f1c74630f,Potosí,Municipio_5,Recinto_4
76525bc0-016c-4bb0-b9c1-5c32282e7525,Oruro,Municipio_18,Recinto_4
d1643172-3388-49e2-a37e-8358fe92f4ed,Pando,Municipio_5,Recinto_3
819a0eac-0db3-41e8-a84a-407b4dad472a,Santa_Cruz,Municipio_3,Recinto_1
9edd8296-1110-4109-80bb-978e7110fde7,Pando,Municipio_14,Recinto_9
3a5a0a19-1736-48c2-aa65-e03f12fa587b,Tarija,Municipio_5,Recinto_8
2787c2ec-87f6-486c-a677-e6b45213ae39,Potosí,Municipio_17,Recinto_2
c063f4ef-9eee-4ad1-9add-cae63ecfbc18,Pando,Municipio_15,Recinto_2
07f0208c-9ad7-4eb1-89cd-15220e61077f,Beni,Municipio_3,Recinto_10
f26495ec-286b-4177-90d6-ccefdcfb3291,Potosí,Municipio_18,Recinto_5
fccc9a34-09a5-424e-a631-c4e9047a1b85,La_Paz,Municipio_6,Recinto_8
ab611a34-6643-4b93-9083-d2faad360484,Beni,Municipio_16,Recinto_8
21052009-2736-4235-bcdf-923027292796,Chuquisaca,Municipio_15,Recinto_1
7a951726-0c62-49da-b64d-b4d3659f0fa5,Beni,Municipio_7,Recinto_4
bdc1a203-eb8f-4e37-95b4-ce7a3afa60b7,La_Paz,Municipio_19,Recinto_9
e67d9f08-b3bf-43f4-9f37-8fe82c4f695e,Chuquisaca,Municipio_5,Recinto_8
b98c47a2-3743-4216-b5c5-c143fdff9987,Tarija,Municipio_16,Recinto_6
2984ab2f-84aa-4906-95ab-a74554a3116c,Oruro,Municipio_20,Recinto_10
c440ca82-fcfe-407c-a2e9-5ffa4c6de288,Beni,Municipio_6,Recinto_10
9c068d54-fec2-400b-ba07-bb69b47fe782,Chuquisaca,Municipio_18,Recinto_9
0c02aead-4592-4f8b-b5be-0c4c3b831068,La_Paz,Municipio_2,Recinto_8
0f216f85-b20f-4953-8336-90778fd52334,Beni,Municipio_2,Recinto_6
7dcd028b-c1f1-476c-888b-b1f73c6ab80d,Potosí,Municipio_1,Recinto_7
77d6143d-681c-48a4-97c4-b7a4d2efd6d8,Cochabamba,Municipio_15,Recinto_9
bf2ba7bc-1c11-4f20-acce-d138367ec67f,Chuquisaca,Municipio_13,Recinto_10
adcca74b-3c73-4012-8d2e-1eea451f8885,Santa_Cruz,Municipio_18,Recinto_10
0de3cba2-fb5b-48bf-8d7e-7204c087afd9,Santa_Cruz,Municipio_4,Recinto_9
9c01c6e7-0975-42ff-95b3-7bab4d04ff43,Santa_Cruz,Municipio_20,Recinto_5
3efedaa5-2c9f-4fb4-8dcc-c932746e908e,Chuquisaca,Municipio_10,Recinto_6
32710055-6202-4c99-a433-e020bdc0b9a6,Oruro,Municipio_1,Recinto_9
bf44069e-3ae2-49c7-a72c-31ae8489b559,Potosí,Municipio_17,Recinto_1
cb75eb65-6f21-4ff9-b860-286f4520193a,Potosí,Municipio_9,Recinto_1
a5e8a388-b25f-477c-971a-6c19c1ba9371,Beni,Municipio_3,Recinto_3
7ccb83d3-74b1-4ea9-bac6-a9a2bc1e290e,La_Paz,Municipio_9,Recinto_6
b2dcebf1-8a72-4e6b-894d-4efad8816ea9,La_Paz,Municipio_5,Recinto_4
810af0de-984b-4acb-92d5-5db2ca42fdad,Chuquisaca,Municipio_13,Recinto_8
8135defd-8d66-4851-ba44-f54f167357c1,Santa_Cruz,Municipio_16,Recinto_4
a21d0b2d-5000-45b5-a7a7-0b410fb8c932,Chuquisaca,Municipio_19,Recinto_8
c02f99e1-46bd-4375-bf65-ea6daec57d30,Potosí,Municipio_2,Recinto_5
1914b9e0-2bae-4625-8d23-f00fe63ee84c,Oruro,Municipio_9,Recinto_6
ecd74a8e-d6c1-43c3-9d79-931314eb6887,Cochabamba,Municipio_15,Recinto_2
45662695-5d8f-440e-982b-edeb088e0f21,La_Paz,Municipio_11,Recinto_7
bc26faa0-0a8f-40c4-9ec1-b4c15832136c,Santa_Cruz,Municipio_6,Recinto_9
e5a6f7db-2ba9-420e-a896-ba276084a3f9,Santa_Cruz,Municipio_11,Recinto_9
75c4fd5b-abe1-4325-be52-f5d14dab91a2,La_Paz,Municipio_11,Recinto_1
2e1be2d7-48d8-44ce-b459-c067a2b80423,Chuquisaca,Municipio_1,Recinto_7
b99306ed-fe6a-4024-80cf-b53b7c87c582,Potosí,Municipio_1,Recinto_1
8ccfa693-f2a7-499c-bff1-6b4740475215,Oruro,Municipio_12,Recinto_1
727205d4-2f26-45f0-9213-b3113f0362d5,Potosí,Municipio_11,Recinto_8
632265e5-4fd5-4f53-bee2-c9316fe41354,Santa_Cruz,Municipio_9,Recinto_9
b5eef6bf-4702-4844-ae96-58d563e2162a,Tarija,Municipio_9,Recinto_4
9e7eda4b-6cdc-4822-a1ba-a087d7a61b31,Santa_Cruz,Municipio_11,Recinto_7
5be799e5-695a-4c8d-aace-8dc759e1f8de,Chuquisaca,Municipio_14,Recinto_5
2739a2c7-8e15-4503-b71d-2a79d72aa248,Santa_Cruz,Municipio_2,Recinto_10
a1c5fd87-80ec-4d7c-b4ea-db7a10496c23,Santa_Cruz,Municipio_17,Recinto_3
a372e384-9846-4ec4-99df-a92b8a5100d3,Beni,Municipio_4,Recinto_2
c4bfa348-929a-46c3-901b-35b56555d5b4,Pando,Municipio_1,Recinto_4
1850d230-0943-4012-becb-6bbb96614b0e,Santa_Cruz,Municipio_10,Recinto_3
ede8bc83-c8c7-4022-8b0c-ac8318930a8e,Cochabamba,Municipio_20,Recinto_6
fcfdc6c4-db3f-42a9-b8d7-aeb454f8907a,Santa_Cruz,Municipio_11,Recinto_2
9e728283-f5c6-43fd-96ba-95d5166bbdde,Santa_Cruz,Municipio_20,Recinto_9
08c55a2d-845b-4529-89f7-347b44dcbdb6,Beni,Municipio_15,Recinto_6
ea6bc6e0-7378-454d-ada8-f8bb4b928ace,Oruro,Municipio_1,Recinto_8
1a9ff3d6-0f00-40d7-934f-9c9fbd8cb7dd,Oruro,Municipio_4,Recinto_7
3cfdb71e-166d-41d7-8ae3-8c82b13da788,Pando,Municipio_13,Recinto_9
e27a549d-cdb8-43ea-821c-f214fed39477,Pando,Municipio_5,Recinto_5
fd81c898-1326-44d9-b0d2-797f9ae514fb,Chuquisaca,Municipio_13,Recinto_9
653828b3-5ba0-4f14-9431-3459bcfdce16,Santa_Cruz,Municipio_14,Recinto_3
bfd708ff-c6d1-463d-9861-ee9c57c1d9ad,Pando,Municipio_7,Recinto_2
ea3811de-6cf2-46db-bc26-11d2506d6862,Santa_Cruz,Municipio_4,Recinto_1
5bb1ad43-82dd-45f7-9bf0-0b71a6ee417b,Cochabamba,Municipio_10,Recinto_4
0147d88b-eadb-4974-84cb-523bb6fc27c8,Pando,Municipio_14,Recinto_3
9949e3de-b170-449c-96b8-06fb0eab9345,Cochabamba,Municipio_16,Recinto_7
b154ecca-a8ef-4c39-958e-7e1406b0b889,Potosí,Municipio_18,Recinto_9
cb156b5d-5aec-4ce2-b4f9-7079c57d199d,Santa_Cruz,Municipio_11,Recinto_2
f01a1b15-585a-42c4-942c-fabdc9b907af,Potosí,Municipio_18,Recinto_10
2271e400-78e7-4188-b130-7b6563f579a3,La_Paz,Municipio_15,Recinto_8
7d30bc69-0a61-491c-b032-5613ad2aaba0,Santa_Cruz,Municipio_4,Recinto_5
0ef3162d-833c-45c7-ae62-47711a726727,Pando,Municipio_19,Recinto_5
fb1716ce-dd89-454a-ac7f-098d7f957a74,Santa_Cruz,Municipio_16,Recinto_10
d0ed0236-8385-4d34-9125-58c4cd2c92b9,La_Paz,Municipio_6,Recinto_3
e815710e-2ca7-4249-b434-5dbff8b26712,La_Paz,Municipio_3,Recinto_9
897adaf6-a58b-4630-aa15-2885bd0c3ebe,Beni,Municipio_5,Recinto_1
27f3c475-db27-4db6-b389-1a6e07334b9d,Oruro,Municipio_18,Recinto_10
8e961496-b523-4c49-8ec9-e8a728d2314c,Pando,Municipio_14,Recinto_5
f08b2d0c-6d99-4dca-9937-eb44fb517fe6,Potosí,Municipio_9,Recinto_4
3a5b59b6-4bc2-43bb-9241-d5058f7dd4c9,Cochabamba,Municipio_7,Recinto_4
d4ce693b-13f9-4f81-a6af-18bd8b8c9cab,Santa_Cruz,Municipio_18,Recinto_1
1d265aef-13a6-4ffb-9244-3e0298ac815c,Pando,Municipio_13,Recinto_1
5b41f6f9-b0ae-4227-b20e-02fe737ae9ed,Santa_Cruz,Municipio_6,Recinto_3
5eed0d28-4b95-4431-b296-11230328bb01,La_Paz,Municipio_7,Recinto_5
69c41afa-bbf2-4eb9-931c-28dd00d5ac55,Beni,Municipio_11,Recinto_8
9de31455-a3ff-4047-86d1-407758332ed7,Beni,Municipio_18,Recinto_8
82fe7bfd-8d7e-4801-9ac0-89378be33956,Tarija,Municipio_18,Recinto_9
a5868ef5-c0bc-4a95-9da5-40cf90c13cb3,Tarija,Municipio_18,Recinto_10
2a0dadea-3796-4f95-9a01-6e0d7b2786d8,La_Paz,Municipio_9,Recinto_1
877482bf-2085-4485-850c-0f6efcb31756,La_Paz,Municipio_3,Recinto_9
d72eae06-2ac1-4057-9102-bf183e036de3,Pando,Municipio_15,Recinto_3
1a5aa43f-1bc5-4275-9daa-dc8b52e25160,La_Paz,Municipio_5,Recinto_2
15cfa314-b4b0-4f15-a60d-9a435845df53,Cochabamba,Municipio_6,Recinto_3
5f1ab859-04f4-4afd-bb38-ba38f1e33a37,Chuquisaca,Municipio_11,Recinto_5
d5fcf08d-b6a1-4363-96a7-117cdb2d4490,Potosí,Municipio_17,Recinto_9
d4953f1e-9b7f-4ac1-93a1-5f0d3ac0737d,Cochabamba,Municipio_14,Recinto_1
516df0fe-190d-4622-a7c4-d4d215fd853d,Pando,Municipio_13,Recinto_7
503b306f-bb5a-4073-a04d-e255797efa2f,Beni,Municipio_9,Recinto_5
427bc48c-7396-423a-b0c7-1023d6bde909,Tarija,Municipio_10,Recinto_2
ed3912c0-464b-48b3-ae7d-aaac56f80661,La_Paz,Municipio_10,Recinto_7
e0454140-1f24-471a-8252-74442a02ae85,Pando,Municipio_15,Recinto_10
d8f466e9-73a7-484e-8044-1bff87b62386,Potosí,Municipio_13,Recinto_8
6dce6ee6-9293-4b7c-bd73-ab727e548772,Pando,Municipio_6,Recinto_6
3cacd424-bf09-41fe-aa57-04e3cfe653ef,Pando,Municipio_16,Recinto_4
74cc19fa-2db9-45e8-9ba6-43002cf6fb95,Chuquisaca,Municipio_4,Recinto_8
f329936e-e544-41b2-8d96-fa7fe95b9f9d,Tarija,Municipio_5,Recinto_5
c62ae6e8-bd70-4734-bb18-294f1f83b433,Chuquisaca,Municipio_20,Recinto_8
e52f5a4b-670c-4082-bfda-09ad32850d39,Oruro,Municipio_13,Recinto_5
0d6e4d3c-2ada-4065-be41-3137d41e8c4b,La_Paz,Municipio_17,Recinto_8
83f6e7e6-51f5-4a89-8f8a-e401e89f2b7f,Beni,Municipio_7,Recinto_1
efbbea16-2f19-4b5d-9698-8e25d3c9d539,Potosí,Municipio_7,Recinto_2
ac4fe436-dee9-475c-9836-76ea36495cf1,Potosí,Municipio_5,Recinto_5
16c02158-71a0-4545-bc97-08e9206e08df,Potosí,Municipio_4,Recinto_3
6c1cdfab-fdac-492e-9142-207aef207133,Oruro,Municipio_16,Recinto_9
cb76d323-e630-450a-81f4-e719a8ee7da0,La_Paz,Municipio_19,Recinto_6
0037ba23-0f1f-43ab-a0fa-4bb2d30528f3,Cochabamba,Municipio_19,Recinto_5
76f53fb1-1acd-4cdd-851f-7137ece96ddc,Tarija,Municipio_10,Recinto_4
2d26706b-b43d-4d90-ab52-d0a7b37d8cf7,Cochabamba,Municipio_1,Recinto_6
aea5a4b9-986e-4dd8-b664-090447039120,Tarija,Municipio_10,Recinto_4
efc1a571-ad36-4ad5-8b70-23cfa8d1ff80,Tarija,Municipio_16,Recinto_10
bff133a0-a9ff-4857-90b0-d0a0de768559,Chuquisaca,Municipio_15,Recinto_8
51914de5-32cb-488f-ab26-ce64b6c1c27e,Chuquisaca,Municipio_12,Recinto_3
aef2732d-e2c9-4553-a238-211b6951c936,Potosí,Municipio_6,Recinto_2
568138d5-b7f3-4524-aa75-580211b4a07e,Oruro,Municipio_7,Recinto_2
0e69ea3e-7b89-44e1-881d-21d515e6a014,Cochabamba,Municipio_20,Recinto_2
ef0e15f5-eac1-46f8-9bde-c5bb9acdbe6e,Cochabamba,Municipio_20,Recinto_3
ce15f37d-f8aa-4b47-bf2d-d4ca65628e14,Potosí,Municipio_2,Recinto_1
30ce1c52-6b3e-4466-8e29-472748a6a563,La_Paz,Municipio_13,Recinto_8
4f1225e6-084d-45e7-9ff7-365c41f7c4fd,Cochabamba,Municipio_3,Recinto_4
36297229-dd9c-4787-a553-dacf0ded359a,Cochabamba,Municipio_17,Recinto_6
448810af-6f2d-497a-a00f-04227f45a376,La_Paz,Municipio_16,Recinto_9
46457ac3-83a1-4c49-aa99-5ff1b1fd7ccb,Potosí,Municipio_10,Recinto_9
d58468ec-70c0-4504-a1a5-888f3002d2fd,Cochabamba,Municipio_4,Recinto_9
b53f1297-505e-483a-8beb-39c1d2d9ed47,Beni,Municipio_8,Recinto_8
0b626970-ff55-4803-9059-7c5c9039e1f4,Santa_Cruz,Municipio_1,Recinto_8
31a3a46b-8062-4120-a67d-46f394ec941e,Beni,Municipio_6,Recinto_1
da70f017-2436-475b-8547-925641ca7b71,Beni,Municipio_16,Recinto_6
bd2045e7-edb4-4e14-af9c-fb73eb0be45e,Pando,Municipio_16,Recinto_4
20e2a1f0-90eb-4eef-867e-dce4bf593127,Potosí,Municipio_6,Recinto_1
40991d4c-b5e4-488a-9eca-03773768e96d,Oruro,Municipio_18,Recinto_2
26e46c34-8a6c-419e-b00e-6b0bec8b6516,Santa_Cruz,Municipio_20,Recinto_3
76908e28-b84d-4f67-9672-652d50c017bd,Oruro,Municipio_11,Recinto_2
9e4c924a-d67e-47ad-88b9-998c6e4e6392,Pando,Municipio_15,Recinto_4
a7405261-960a-47c0-a0d2-b892f8977ef7,Beni,Municipio_17,Recinto_1
